号館,教室,人数,予約日,予約時間
8,8101,50,2023/10/9,9:20~12:50
8,8101,50,2023/10/16,9:20~12:50
8,8101,50,2023/10/23,9:20~12:50
8,8101,50,2023/10/30,9:20~12:50
8,8101,50,2023/11/6,9:20~12:50
8,8101,50,2023/11/13,9:20~12:50
8,8101,50,2023/11/20,9:20~12:50
8,8101,50,2023/11/27,9:20~12:50
8,8101,50,2023/12/4,9:20~12:50
8,8101,50,2023/12/11,9:20~12:50
8,8101,50,2023/12/18,9:20~12:50
8,8101,50,2023/12/25,9:20~12:50
8,8101,50,2024/1/15,9:20~12:50
3,3164,50,2023/10/9,9:20~12:50
3,3164,50,2023/10/16,9:20~12:50
3,3164,50,2023/10/23,9:20~12:50
3,3164,50,2023/10/30,9:20~12:50
3,3164,50,2023/11/6,9:20~12:50
3,3164,50,2023/11/13,9:20~12:50
3,3164,50,2023/11/20,9:20~12:50
3,3164,50,2023/11/27,9:20~12:50
3,3164,50,2023/12/4,9:20~12:50
3,3164,50,2023/12/11,9:20~12:50
3,3164,50,2023/12/18,9:20~12:50
3,3164,50,2023/12/25,9:20~12:50
3,3164,50,2024/1/15,9:20~12:50
10,211,40,2023/10/9,9:20~11:00
10,211,40,2023/10/16,9:20~11:00
10,211,40,2023/10/23,9:20~11:00
10,211,40,2023/10/30,9:20~11:00
10,211,40,2023/11/6,9:20~11:00
10,211,40,2023/11/13,9:20~11:00
10,211,40,2023/11/20,9:20~11:00
10,211,40,2023/11/27,9:20~11:00
10,211,40,2023/12/4,9:20~11:00
10,211,40,2023/12/11,9:20~11:00
10,211,40,2023/12/18,9:20~11:00
10,211,40,2023/12/25,9:20~11:00
10,211,40,2024/1/15,9:20~11:00
10,206,40,2023/10/9,9:20~11:00
10,206,40,2023/10/16,9:20~11:00
10,206,40,2023/10/23,9:20~11:00
10,206,40,2023/10/30,9:20~11:00
10,206,40,2023/11/6,9:20~11:00
10,206,40,2023/11/13,9:20~11:00
10,206,40,2023/11/20,9:20~11:00
10,206,40,2023/11/27,9:20~11:00
10,206,40,2023/12/4,9:20~11:00
10,206,40,2023/12/11,9:20~11:00
10,206,40,2023/12/18,9:20~11:00
10,206,40,2023/12/25,9:20~11:00
10,206,40,2024/1/15,9:20~11:00
3,3112,40,2023/10/9,9:20~11:00
3,3112,40,2023/10/16,9:20~11:00
3,3112,40,2023/10/23,9:20~11:00
3,3112,40,2023/10/30,9:20~11:00
3,3112,40,2023/11/6,9:20~11:00
3,3112,40,2023/11/13,9:20~11:00
3,3112,40,2023/11/20,9:20~11:00
3,3112,40,2023/11/27,9:20~11:00
3,3112,40,2023/12/4,9:20~11:00
3,3112,40,2023/12/11,9:20~11:00
3,3112,40,2023/12/18,9:20~11:00
3,3112,40,2023/12/25,9:20~11:00
3,3112,40,2024/1/15,9:20~11:00
10,207,40,2023/10/9,9:20~11:00
10,207,40,2023/10/16,9:20~11:00
10,207,40,2023/10/23,9:20~11:00
10,207,40,2023/10/30,9:20~11:00
10,207,40,2023/11/6,9:20~11:00
10,207,40,2023/11/13,9:20~11:00
10,207,40,2023/11/20,9:20~11:00
10,207,40,2023/11/27,9:20~11:00
10,207,40,2023/12/4,9:20~11:00
10,207,40,2023/12/11,9:20~11:00
10,207,40,2023/12/18,9:20~11:00
10,207,40,2023/12/25,9:20~11:00
10,207,40,2024/1/15,9:20~11:00
10,208,40,2023/10/9,9:20~11:00
10,208,40,2023/10/16,9:20~11:00
10,208,40,2023/10/23,9:20~11:00
10,208,40,2023/10/30,9:20~11:00
10,208,40,2023/11/6,9:20~11:00
10,208,40,2023/11/13,9:20~11:00
10,208,40,2023/11/20,9:20~11:00
10,208,40,2023/11/27,9:20~11:00
10,208,40,2023/12/4,9:20~11:00
10,208,40,2023/12/11,9:20~11:00
10,208,40,2023/12/18,9:20~11:00
10,208,40,2023/12/25,9:20~11:00
10,208,40,2024/1/15,9:20~11:00
10,210,40,2023/10/9,9:20~11:00
10,210,40,2023/10/16,9:20~11:00
10,210,40,2023/10/23,9:20~11:00
10,210,40,2023/10/30,9:20~11:00
10,210,40,2023/11/6,9:20~11:00
10,210,40,2023/11/13,9:20~11:00
10,210,40,2023/11/20,9:20~11:00
10,210,40,2023/11/27,9:20~11:00
10,210,40,2023/12/4,9:20~11:00
10,210,40,2023/12/11,9:20~11:00
10,210,40,2023/12/18,9:20~11:00
10,210,40,2023/12/25,9:20~11:00
10,210,40,2024/1/15,9:20~11:00
3,3111,40,2023/10/9,9:20~11:00
3,3111,40,2023/10/16,9:20~11:00
3,3111,40,2023/10/23,9:20~11:00
3,3111,40,2023/10/30,9:20~11:00
3,3111,40,2023/11/6,9:20~11:00
3,3111,40,2023/11/13,9:20~11:00
3,3111,40,2023/11/20,9:20~11:00
3,3111,40,2023/11/27,9:20~11:00
3,3111,40,2023/12/4,9:20~11:00
3,3111,40,2023/12/11,9:20~11:00
3,3111,40,2023/12/18,9:20~11:00
3,3111,40,2023/12/25,9:20~11:00
3,3111,40,2024/1/15,9:20~11:00
3,3320,40,2023/10/9,9:20~11:00
3,3320,40,2023/10/16,9:20~11:00
3,3320,40,2023/10/23,9:20~11:00
3,3320,40,2023/10/30,9:20~11:00
3,3320,40,2023/11/6,9:20~11:00
3,3320,40,2023/11/13,9:20~11:00
3,3320,40,2023/11/20,9:20~11:00
3,3320,40,2023/11/27,9:20~11:00
3,3320,40,2023/12/4,9:20~11:00
3,3320,40,2023/12/11,9:20~11:00
3,3320,40,2023/12/18,9:20~11:00
3,3320,40,2023/12/25,9:20~11:00
3,3320,40,2024/1/15,9:20~11:00
6,6101,40,2023/10/9,9:20~11:00
6,6101,40,2023/10/16,9:20~11:00
6,6101,40,2023/10/23,9:20~11:00
6,6101,40,2023/10/30,9:20~11:00
6,6101,40,2023/11/6,9:20~11:00
6,6101,40,2023/11/13,9:20~11:00
6,6101,40,2023/11/20,9:20~11:00
6,6101,40,2023/11/27,9:20~11:00
6,6101,40,2023/12/4,9:20~11:00
6,6101,40,2023/12/11,9:20~11:00
6,6101,40,2023/12/18,9:20~11:00
6,6101,40,2023/12/25,9:20~11:00
6,6101,40,2024/1/15,9:20~11:00
3,3130,40,2023/10/9,9:20~11:00
3,3130,40,2023/10/16,9:20~11:00
3,3130,40,2023/10/23,9:20~11:00
3,3130,40,2023/10/30,9:20~11:00
3,3130,40,2023/11/6,9:20~11:00
3,3130,40,2023/11/13,9:20~11:00
3,3130,40,2023/11/20,9:20~11:00
3,3130,40,2023/11/27,9:20~11:00
3,3130,40,2023/12/4,9:20~11:00
3,3130,40,2023/12/11,9:20~11:00
3,3130,40,2023/12/18,9:20~11:00
3,3130,40,2023/12/25,9:20~11:00
3,3130,40,2024/1/15,9:20~11:00
12,321,40,2023/10/9,9:20~11:00
12,321,40,2023/10/16,9:20~11:00
12,321,40,2023/10/23,9:20~11:00
12,321,40,2023/10/30,9:20~11:00
12,321,40,2023/11/6,9:20~11:00
12,321,40,2023/11/13,9:20~11:00
12,321,40,2023/11/20,9:20~11:00
12,321,40,2023/11/27,9:20~11:00
12,321,40,2023/12/4,9:20~11:00
12,321,40,2023/12/11,9:20~11:00
12,321,40,2023/12/18,9:20~11:00
12,321,40,2023/12/25,9:20~11:00
12,321,40,2024/1/15,9:20~11:00
10,117,200,2023/10/9,9:20~11:00
10,117,200,2023/10/16,9:20~11:00
10,117,200,2023/10/23,9:20~11:00
10,117,200,2023/10/30,9:20~11:00
10,117,200,2023/11/6,9:20~11:00
10,117,200,2023/11/13,9:20~11:00
10,117,200,2023/11/20,9:20~11:00
10,117,200,2023/11/27,9:20~11:00
10,117,200,2023/12/4,9:20~11:00
10,117,200,2023/12/11,9:20~11:00
10,117,200,2023/12/18,9:20~11:00
10,117,200,2023/12/25,9:20~11:00
10,117,200,2024/1/15,9:20~11:00
3,3210,40,2023/10/9,9:20~12:50
3,3210,40,2023/10/16,9:20~12:50
3,3210,40,2023/10/23,9:20~12:50
3,3210,40,2023/10/30,9:20~12:50
3,3210,40,2023/11/6,9:20~12:50
3,3210,40,2023/11/13,9:20~12:50
3,3210,40,2023/11/20,9:20~12:50
3,3210,40,2023/11/27,9:20~12:50
3,3210,40,2023/12/4,9:20~12:50
3,3210,40,2023/12/11,9:20~12:50
3,3210,40,2023/12/18,9:20~12:50
3,3210,40,2023/12/25,9:20~12:50
3,3210,40,2024/1/15,9:20~12:50
8,8203,40,2023/10/9,9:20~12:50
8,8203,40,2023/10/16,9:20~12:50
8,8203,40,2023/10/23,9:20~12:50
8,8203,40,2023/10/30,9:20~12:50
8,8203,40,2023/11/6,9:20~12:50
8,8203,40,2023/11/13,9:20~12:50
8,8203,40,2023/11/20,9:20~12:50
8,8203,40,2023/11/27,9:20~12:50
8,8203,40,2023/12/4,9:20~12:50
8,8203,40,2023/12/11,9:20~12:50
8,8203,40,2023/12/18,9:20~12:50
8,8203,40,2023/12/25,9:20~12:50
8,8203,40,2024/1/15,9:20~12:50
8,8201,40,2023/10/9,9:20~12:50
8,8201,40,2023/10/16,9:20~12:50
8,8201,40,2023/10/23,9:20~12:50
8,8201,40,2023/10/30,9:20~12:50
8,8201,40,2023/11/6,9:20~12:50
8,8201,40,2023/11/13,9:20~12:50
8,8201,40,2023/11/20,9:20~12:50
8,8201,40,2023/11/27,9:20~12:50
8,8201,40,2023/12/4,9:20~12:50
8,8201,40,2023/12/11,9:20~12:50
8,8201,40,2023/12/18,9:20~12:50
8,8201,40,2023/12/25,9:20~12:50
8,8201,40,2024/1/15,9:20~12:50
3,3240,40,2023/10/9,11:10~12:50
3,3240,40,2023/10/16,11:10~12:50
3,3240,40,2023/10/23,11:10~12:50
3,3240,40,2023/10/30,11:10~12:50
3,3240,40,2023/11/6,11:10~12:50
3,3240,40,2023/11/13,11:10~12:50
3,3240,40,2023/11/20,11:10~12:50
3,3240,40,2023/11/27,11:10~12:50
3,3240,40,2023/12/4,11:10~12:50
3,3240,40,2023/12/11,11:10~12:50
3,3240,40,2023/12/18,11:10~12:50
3,3240,40,2023/12/25,11:10~12:50
3,3240,40,2024/1/15,11:10~12:50
10,206,40,2023/10/9,11:10~12:50
10,206,40,2023/10/16,11:10~12:50
10,206,40,2023/10/23,11:10~12:50
10,206,40,2023/10/30,11:10~12:50
10,206,40,2023/11/6,11:10~12:50
10,206,40,2023/11/13,11:10~12:50
10,206,40,2023/11/20,11:10~12:50
10,206,40,2023/11/27,11:10~12:50
10,206,40,2023/12/4,11:10~12:50
10,206,40,2023/12/11,11:10~12:50
10,206,40,2023/12/18,11:10~12:50
10,206,40,2023/12/25,11:10~12:50
10,206,40,2024/1/15,11:10~12:50
3,3112,40,2023/10/9,11:10~12:50
3,3112,40,2023/10/16,11:10~12:50
3,3112,40,2023/10/23,11:10~12:50
3,3112,40,2023/10/30,11:10~12:50
3,3112,40,2023/11/6,11:10~12:50
3,3112,40,2023/11/13,11:10~12:50
3,3112,40,2023/11/20,11:10~12:50
3,3112,40,2023/11/27,11:10~12:50
3,3112,40,2023/12/4,11:10~12:50
3,3112,40,2023/12/11,11:10~12:50
3,3112,40,2023/12/18,11:10~12:50
3,3112,40,2023/12/25,11:10~12:50
3,3112,40,2024/1/15,11:10~12:50
10,208,40,2023/10/9,11:10~12:50
10,208,40,2023/10/16,11:10~12:50
10,208,40,2023/10/23,11:10~12:50
10,208,40,2023/10/30,11:10~12:50
10,208,40,2023/11/6,11:10~12:50
10,208,40,2023/11/13,11:10~12:50
10,208,40,2023/11/20,11:10~12:50
10,208,40,2023/11/27,11:10~12:50
10,208,40,2023/12/4,11:10~12:50
10,208,40,2023/12/11,11:10~12:50
10,208,40,2023/12/18,11:10~12:50
10,208,40,2023/12/25,11:10~12:50
10,208,40,2024/1/15,11:10~12:50
10,210,40,2023/10/9,11:10~12:50
10,210,40,2023/10/16,11:10~12:50
10,210,40,2023/10/23,11:10~12:50
10,210,40,2023/10/30,11:10~12:50
10,210,40,2023/11/6,11:10~12:50
10,210,40,2023/11/13,11:10~12:50
10,210,40,2023/11/20,11:10~12:50
10,210,40,2023/11/27,11:10~12:50
10,210,40,2023/12/4,11:10~12:50
10,210,40,2023/12/11,11:10~12:50
10,210,40,2023/12/18,11:10~12:50
10,210,40,2023/12/25,11:10~12:50
10,210,40,2024/1/15,11:10~12:50
10,211,40,2023/10/9,11:10~12:50
10,211,40,2023/10/16,11:10~12:50
10,211,40,2023/10/23,11:10~12:50
10,211,40,2023/10/30,11:10~12:50
10,211,40,2023/11/6,11:10~12:50
10,211,40,2023/11/13,11:10~12:50
10,211,40,2023/11/20,11:10~12:50
10,211,40,2023/11/27,11:10~12:50
10,211,40,2023/12/4,11:10~12:50
10,211,40,2023/12/11,11:10~12:50
10,211,40,2023/12/18,11:10~12:50
10,211,40,2023/12/25,11:10~12:50
10,211,40,2024/1/15,11:10~12:50
3,3311,40,2023/10/9,11:10~12:50
3,3311,40,2023/10/16,11:10~12:50
3,3311,40,2023/10/23,11:10~12:50
3,3311,40,2023/10/30,11:10~12:50
3,3311,40,2023/11/6,11:10~12:50
3,3311,40,2023/11/13,11:10~12:50
3,3311,40,2023/11/20,11:10~12:50
3,3311,40,2023/11/27,11:10~12:50
3,3311,40,2023/12/4,11:10~12:50
3,3311,40,2023/12/11,11:10~12:50
3,3311,40,2023/12/18,11:10~12:50
3,3311,40,2023/12/25,11:10~12:50
3,3311,40,2024/1/15,11:10~12:50
10,213,40,2023/10/9,11:10~12:50
10,213,40,2023/10/16,11:10~12:50
10,213,40,2023/10/23,11:10~12:50
10,213,40,2023/10/30,11:10~12:50
10,213,40,2023/11/6,11:10~12:50
10,213,40,2023/11/13,11:10~12:50
10,213,40,2023/11/20,11:10~12:50
10,213,40,2023/11/27,11:10~12:50
10,213,40,2023/12/4,11:10~12:50
10,213,40,2023/12/11,11:10~12:50
10,213,40,2023/12/18,11:10~12:50
10,213,40,2023/12/25,11:10~12:50
10,213,40,2024/1/15,11:10~12:50
10,207,40,2023/10/9,11:10~12:50
10,207,40,2023/10/16,11:10~12:50
10,207,40,2023/10/23,11:10~12:50
10,207,40,2023/10/30,11:10~12:50
10,207,40,2023/11/6,11:10~12:50
10,207,40,2023/11/13,11:10~12:50
10,207,40,2023/11/20,11:10~12:50
10,207,40,2023/11/27,11:10~12:50
10,207,40,2023/12/4,11:10~12:50
10,207,40,2023/12/11,11:10~12:50
10,207,40,2023/12/18,11:10~12:50
10,207,40,2023/12/25,11:10~12:50
10,207,40,2024/1/15,11:10~12:50
3,3111,40,2023/10/9,11:10~12:50
3,3111,40,2023/10/16,11:10~12:50
3,3111,40,2023/10/23,11:10~12:50
3,3111,40,2023/10/30,11:10~12:50
3,3111,40,2023/11/6,11:10~12:50
3,3111,40,2023/11/13,11:10~12:50
3,3111,40,2023/11/20,11:10~12:50
3,3111,40,2023/11/27,11:10~12:50
3,3111,40,2023/12/4,11:10~12:50
3,3111,40,2023/12/11,11:10~12:50
3,3111,40,2023/12/18,11:10~12:50
3,3111,40,2023/12/25,11:10~12:50
3,3111,40,2024/1/15,11:10~12:50
3,3230,40,2023/10/9,11:10~12:50
3,3230,40,2023/10/16,11:10~12:50
3,3230,40,2023/10/23,11:10~12:50
3,3230,40,2023/10/30,11:10~12:50
3,3230,40,2023/11/6,11:10~12:50
3,3230,40,2023/11/13,11:10~12:50
3,3230,40,2023/11/20,11:10~12:50
3,3230,40,2023/11/27,11:10~12:50
3,3230,40,2023/12/4,11:10~12:50
3,3230,40,2023/12/11,11:10~12:50
3,3230,40,2023/12/18,11:10~12:50
3,3230,40,2023/12/25,11:10~12:50
3,3230,40,2024/1/15,11:10~12:50
10,209,40,2023/10/9,11:10~12:50
10,209,40,2023/10/16,11:10~12:50
10,209,40,2023/10/23,11:10~12:50
10,209,40,2023/10/30,11:10~12:50
10,209,40,2023/11/6,11:10~12:50
10,209,40,2023/11/13,11:10~12:50
10,209,40,2023/11/20,11:10~12:50
10,209,40,2023/11/27,11:10~12:50
10,209,40,2023/12/4,11:10~12:50
10,209,40,2023/12/11,11:10~12:50
10,209,40,2023/12/18,11:10~12:50
10,209,40,2023/12/25,11:10~12:50
10,209,40,2024/1/15,11:10~12:50
3,3140,40,2023/10/9,11:10~12:50
3,3140,40,2023/10/16,11:10~12:50
3,3140,40,2023/10/23,11:10~12:50
3,3140,40,2023/10/30,11:10~12:50
3,3140,40,2023/11/6,11:10~12:50
3,3140,40,2023/11/13,11:10~12:50
3,3140,40,2023/11/20,11:10~12:50
3,3140,40,2023/11/27,11:10~12:50
3,3140,40,2023/12/4,11:10~12:50
3,3140,40,2023/12/11,11:10~12:50
3,3140,40,2023/12/18,11:10~12:50
3,3140,40,2023/12/25,11:10~12:50
3,3140,40,2024/1/15,11:10~12:50
12,221,40,2023/10/9,11:10~12:50
12,221,40,2023/10/16,11:10~12:50
12,221,40,2023/10/23,11:10~12:50
12,221,40,2023/10/30,11:10~12:50
12,221,40,2023/11/6,11:10~12:50
12,221,40,2023/11/13,11:10~12:50
12,221,40,2023/11/20,11:10~12:50
12,221,40,2023/11/27,11:10~12:50
12,221,40,2023/12/4,11:10~12:50
12,221,40,2023/12/11,11:10~12:50
12,221,40,2023/12/18,11:10~12:50
12,221,40,2023/12/25,11:10~12:50
12,221,40,2024/1/15,11:10~12:50
3,3320,40,2023/10/9,11:10~12:50
3,3320,40,2023/10/16,11:10~12:50
3,3320,40,2023/10/23,11:10~12:50
3,3320,40,2023/10/30,11:10~12:50
3,3320,40,2023/11/6,11:10~12:50
3,3320,40,2023/11/13,11:10~12:50
3,3320,40,2023/11/20,11:10~12:50
3,3320,40,2023/11/27,11:10~12:50
3,3320,40,2023/12/4,11:10~12:50
3,3320,40,2023/12/11,11:10~12:50
3,3320,40,2023/12/18,11:10~12:50
3,3320,40,2023/12/25,11:10~12:50
3,3320,40,2024/1/15,11:10~12:50
10,204,100,2023/10/9,11:10~12:50
10,204,100,2023/10/16,11:10~12:50
10,204,100,2023/10/23,11:10~12:50
10,204,100,2023/10/30,11:10~12:50
10,204,100,2023/11/6,11:10~12:50
10,204,100,2023/11/13,11:10~12:50
10,204,100,2023/11/20,11:10~12:50
10,204,100,2023/11/27,11:10~12:50
10,204,100,2023/12/4,11:10~12:50
10,204,100,2023/12/11,11:10~12:50
10,204,100,2023/12/18,11:10~12:50
10,204,100,2023/12/25,11:10~12:50
10,204,100,2024/1/15,11:10~12:50
3,3250,40,2023/10/9,11:10~12:50
3,3250,40,2023/10/16,11:10~12:50
3,3250,40,2023/10/23,11:10~12:50
3,3250,40,2023/10/30,11:10~12:50
3,3250,40,2023/11/6,11:10~12:50
3,3250,40,2023/11/13,11:10~12:50
3,3250,40,2023/11/20,11:10~12:50
3,3250,40,2023/11/27,11:10~12:50
3,3250,40,2023/12/4,11:10~12:50
3,3250,40,2023/12/11,11:10~12:50
3,3250,40,2023/12/18,11:10~12:50
3,3250,40,2023/12/25,11:10~12:50
3,3250,40,2024/1/15,11:10~12:50
3,3311,40,2023/10/9,13:40~15:20
3,3311,40,2023/10/16,13:40~15:20
3,3311,40,2023/10/23,13:40~15:20
3,3311,40,2023/10/30,13:40~15:20
3,3311,40,2023/11/6,13:40~15:20
3,3311,40,2023/11/13,13:40~15:20
3,3311,40,2023/11/20,13:40~15:20
3,3311,40,2023/11/27,13:40~15:20
3,3311,40,2023/12/4,13:40~15:20
3,3311,40,2023/12/11,13:40~15:20
3,3311,40,2023/12/18,13:40~15:20
3,3311,40,2023/12/25,13:40~15:20
3,3311,40,2024/1/15,13:40~15:20
10,207,40,2023/10/9,13:40~15:20
10,207,40,2023/10/16,13:40~15:20
10,207,40,2023/10/23,13:40~15:20
10,207,40,2023/10/30,13:40~15:20
10,207,40,2023/11/6,13:40~15:20
10,207,40,2023/11/13,13:40~15:20
10,207,40,2023/11/20,13:40~15:20
10,207,40,2023/11/27,13:40~15:20
10,207,40,2023/12/4,13:40~15:20
10,207,40,2023/12/11,13:40~15:20
10,207,40,2023/12/18,13:40~15:20
10,207,40,2023/12/25,13:40~15:20
10,207,40,2024/1/15,13:40~15:20
10,208,40,2023/10/9,13:40~15:20
10,208,40,2023/10/16,13:40~15:20
10,208,40,2023/10/23,13:40~15:20
10,208,40,2023/10/30,13:40~15:20
10,208,40,2023/11/6,13:40~15:20
10,208,40,2023/11/13,13:40~15:20
10,208,40,2023/11/20,13:40~15:20
10,208,40,2023/11/27,13:40~15:20
10,208,40,2023/12/4,13:40~15:20
10,208,40,2023/12/11,13:40~15:20
10,208,40,2023/12/18,13:40~15:20
10,208,40,2023/12/25,13:40~15:20
10,208,40,2024/1/15,13:40~15:20
10,210,40,2023/10/9,13:40~15:20
10,210,40,2023/10/16,13:40~15:20
10,210,40,2023/10/23,13:40~15:20
10,210,40,2023/10/30,13:40~15:20
10,210,40,2023/11/6,13:40~15:20
10,210,40,2023/11/13,13:40~15:20
10,210,40,2023/11/20,13:40~15:20
10,210,40,2023/11/27,13:40~15:20
10,210,40,2023/12/4,13:40~15:20
10,210,40,2023/12/11,13:40~15:20
10,210,40,2023/12/18,13:40~15:20
10,210,40,2023/12/25,13:40~15:20
10,210,40,2024/1/15,13:40~15:20
3,3111,40,2023/10/9,13:40~17:10
3,3111,40,2023/10/16,13:40~17:10
3,3111,40,2023/10/23,13:40~17:10
3,3111,40,2023/10/30,13:40~17:10
3,3111,40,2023/11/6,13:40~17:10
3,3111,40,2023/11/13,13:40~17:10
3,3111,40,2023/11/20,13:40~17:10
3,3111,40,2023/11/27,13:40~17:10
3,3111,40,2023/12/4,13:40~17:10
3,3111,40,2023/12/11,13:40~17:10
3,3111,40,2023/12/18,13:40~17:10
3,3111,40,2023/12/25,13:40~17:10
3,3111,40,2024/1/15,13:40~17:10
12,221,40,2023/10/9,13:40~15:20
12,221,40,2023/10/16,13:40~15:20
12,221,40,2023/10/23,13:40~15:20
12,221,40,2023/10/30,13:40~15:20
12,221,40,2023/11/6,13:40~15:20
12,221,40,2023/11/13,13:40~15:20
12,221,40,2023/11/20,13:40~15:20
12,221,40,2023/11/27,13:40~15:20
12,221,40,2023/12/4,13:40~15:20
12,221,40,2023/12/11,13:40~15:20
12,221,40,2023/12/18,13:40~15:20
12,221,40,2023/12/25,13:40~15:20
12,221,40,2024/1/15,13:40~15:20
3,3320,40,2023/10/9,13:40~15:20
3,3320,40,2023/10/16,13:40~15:20
3,3320,40,2023/10/23,13:40~15:20
3,3320,40,2023/10/30,13:40~15:20
3,3320,40,2023/11/6,13:40~15:20
3,3320,40,2023/11/13,13:40~15:20
3,3320,40,2023/11/20,13:40~15:20
3,3320,40,2023/11/27,13:40~15:20
3,3320,40,2023/12/4,13:40~15:20
3,3320,40,2023/12/11,13:40~15:20
3,3320,40,2023/12/18,13:40~15:20
3,3320,40,2023/12/25,13:40~15:20
3,3320,40,2024/1/15,13:40~15:20
10,204,100,2023/10/9,13:40~15:20
10,204,100,2023/10/16,13:40~15:20
10,204,100,2023/10/23,13:40~15:20
10,204,100,2023/10/30,13:40~15:20
10,204,100,2023/11/6,13:40~15:20
10,204,100,2023/11/13,13:40~15:20
10,204,100,2023/11/20,13:40~15:20
10,204,100,2023/11/27,13:40~15:20
10,204,100,2023/12/4,13:40~15:20
10,204,100,2023/12/11,13:40~15:20
10,204,100,2023/12/18,13:40~15:20
10,204,100,2023/12/25,13:40~15:20
10,204,100,2024/1/15,13:40~15:20
10,117,200,2023/10/9,13:40~15:20
10,117,200,2023/10/16,13:40~15:20
10,117,200,2023/10/23,13:40~15:20
10,117,200,2023/10/30,13:40~15:20
10,117,200,2023/11/6,13:40~15:20
10,117,200,2023/11/13,13:40~15:20
10,117,200,2023/11/20,13:40~15:20
10,117,200,2023/11/27,13:40~15:20
10,117,200,2023/12/4,13:40~15:20
10,117,200,2023/12/11,13:40~15:20
10,117,200,2023/12/18,13:40~15:20
10,117,200,2023/12/25,13:40~15:20
10,117,200,2024/1/15,13:40~15:20
2,2111,40,2023/10/9,13:40~15:20
2,2111,40,2023/10/16,13:40~15:20
2,2111,40,2023/10/23,13:40~15:20
2,2111,40,2023/10/30,13:40~15:20
2,2111,40,2023/11/6,13:40~15:20
2,2111,40,2023/11/13,13:40~15:20
2,2111,40,2023/11/20,13:40~15:20
2,2111,40,2023/11/27,13:40~15:20
2,2111,40,2023/12/4,13:40~15:20
2,2111,40,2023/12/11,13:40~15:20
2,2111,40,2023/12/18,13:40~15:20
2,2111,40,2023/12/25,13:40~15:20
2,2111,40,2024/1/15,13:40~15:20
2,2110,40,2023/10/9,13:40~17:10
2,2110,40,2023/10/16,13:40~17:10
2,2110,40,2023/10/23,13:40~17:10
2,2110,40,2023/10/30,13:40~17:10
2,2110,40,2023/11/6,13:40~17:10
2,2110,40,2023/11/13,13:40~17:10
2,2110,40,2023/11/20,13:40~17:10
2,2110,40,2023/11/27,13:40~17:10
2,2110,40,2023/12/4,13:40~17:10
2,2110,40,2023/12/11,13:40~17:10
2,2110,40,2023/12/18,13:40~17:10
2,2110,40,2023/12/25,13:40~17:10
2,2110,40,2024/1/15,13:40~17:10
3,3120,40,2023/10/9,13:40~15:20
3,3120,40,2023/10/16,13:40~15:20
3,3120,40,2023/10/23,13:40~15:20
3,3120,40,2023/10/30,13:40~15:20
3,3120,40,2023/11/6,13:40~15:20
3,3120,40,2023/11/13,13:40~15:20
3,3120,40,2023/11/20,13:40~15:20
3,3120,40,2023/11/27,13:40~15:20
3,3120,40,2023/12/4,13:40~15:20
3,3120,40,2023/12/11,13:40~15:20
3,3120,40,2023/12/18,13:40~15:20
3,3120,40,2023/12/25,13:40~15:20
3,3120,40,2024/1/15,13:40~15:20
3,3240,40,2023/10/9,15:30~17:10
3,3240,40,2023/10/16,15:30~17:10
3,3240,40,2023/10/23,15:30~17:10
3,3240,40,2023/10/30,15:30~17:10
3,3240,40,2023/11/6,15:30~17:10
3,3240,40,2023/11/13,15:30~17:10
3,3240,40,2023/11/20,15:30~17:10
3,3240,40,2023/11/27,15:30~17:10
3,3240,40,2023/12/4,15:30~17:10
3,3240,40,2023/12/11,15:30~17:10
3,3240,40,2023/12/18,15:30~17:10
3,3240,40,2023/12/25,15:30~17:10
3,3240,40,2024/1/15,15:30~17:10
10,117,200,2023/10/9,15:30~17:10
10,117,200,2023/10/16,15:30~17:10
10,117,200,2023/10/23,15:30~17:10
10,117,200,2023/10/30,15:30~17:10
10,117,200,2023/11/6,15:30~17:10
10,117,200,2023/11/13,15:30~17:10
10,117,200,2023/11/20,15:30~17:10
10,117,200,2023/11/27,15:30~17:10
10,117,200,2023/12/4,15:30~17:10
10,117,200,2023/12/11,15:30~17:10
10,117,200,2023/12/18,15:30~17:10
10,117,200,2023/12/25,15:30~17:10
10,117,200,2024/1/15,15:30~17:10
3,3311,40,2023/10/9,15:30~17:10
3,3311,40,2023/10/16,15:30~17:10
3,3311,40,2023/10/23,15:30~17:10
3,3311,40,2023/10/30,15:30~17:10
3,3311,40,2023/11/6,15:30~17:10
3,3311,40,2023/11/13,15:30~17:10
3,3311,40,2023/11/20,15:30~17:10
3,3311,40,2023/11/27,15:30~17:10
3,3311,40,2023/12/4,15:30~17:10
3,3311,40,2023/12/11,15:30~17:10
3,3311,40,2023/12/18,15:30~17:10
3,3311,40,2023/12/25,15:30~17:10
3,3311,40,2024/1/15,15:30~17:10
10,213,40,2023/10/9,15:30~17:10
10,213,40,2023/10/16,15:30~17:10
10,213,40,2023/10/23,15:30~17:10
10,213,40,2023/10/30,15:30~17:10
10,213,40,2023/11/6,15:30~17:10
10,213,40,2023/11/13,15:30~17:10
10,213,40,2023/11/20,15:30~17:10
10,213,40,2023/11/27,15:30~17:10
10,213,40,2023/12/4,15:30~17:10
10,213,40,2023/12/11,15:30~17:10
10,213,40,2023/12/18,15:30~17:10
10,213,40,2023/12/25,15:30~17:10
10,213,40,2024/1/15,15:30~17:10
3,3112,40,2023/10/9,15:30~17:10
3,3112,40,2023/10/16,15:30~17:10
3,3112,40,2023/10/23,15:30~17:10
3,3112,40,2023/10/30,15:30~17:10
3,3112,40,2023/11/6,15:30~17:10
3,3112,40,2023/11/13,15:30~17:10
3,3112,40,2023/11/20,15:30~17:10
3,3112,40,2023/11/27,15:30~17:10
3,3112,40,2023/12/4,15:30~17:10
3,3112,40,2023/12/11,15:30~17:10
3,3112,40,2023/12/18,15:30~17:10
3,3112,40,2023/12/25,15:30~17:10
3,3112,40,2024/1/15,15:30~17:10
10,203,100,2023/10/9,15:30~17:10
10,203,100,2023/10/16,15:30~17:10
10,203,100,2023/10/23,15:30~17:10
10,203,100,2023/10/30,15:30~17:10
10,203,100,2023/11/6,15:30~17:10
10,203,100,2023/11/13,15:30~17:10
10,203,100,2023/11/20,15:30~17:10
10,203,100,2023/11/27,15:30~17:10
10,203,100,2023/12/4,15:30~17:10
10,203,100,2023/12/11,15:30~17:10
10,203,100,2023/12/18,15:30~17:10
10,203,100,2023/12/25,15:30~17:10
10,203,100,2024/1/15,15:30~17:10
10,204,100,2023/10/9,15:30~17:10
10,204,100,2023/10/16,15:30~17:10
10,204,100,2023/10/23,15:30~17:10
10,204,100,2023/10/30,15:30~17:10
10,204,100,2023/11/6,15:30~17:10
10,204,100,2023/11/13,15:30~17:10
10,204,100,2023/11/20,15:30~17:10
10,204,100,2023/11/27,15:30~17:10
10,204,100,2023/12/4,15:30~17:10
10,204,100,2023/12/11,15:30~17:10
10,204,100,2023/12/18,15:30~17:10
10,204,100,2023/12/25,15:30~17:10
10,204,100,2024/1/15,15:30~17:10
2,2230,40,2023/10/9,15:30~19:00
2,2230,40,2023/10/16,15:30~19:00
2,2230,40,2023/10/23,15:30~19:00
2,2230,40,2023/10/30,15:30~19:00
2,2230,40,2023/11/6,15:30~19:00
2,2230,40,2023/11/13,15:30~19:00
2,2230,40,2023/11/20,15:30~19:00
2,2230,40,2023/11/27,15:30~19:00
2,2230,40,2023/12/4,15:30~19:00
2,2230,40,2023/12/11,15:30~19:00
2,2230,40,2023/12/18,15:30~19:00
2,2230,40,2023/12/25,15:30~19:00
2,2230,40,2024/1/15,15:30~19:00
6,6104,40,2023/10/9,15:30~17:10
6,6104,40,2023/10/16,15:30~17:10
6,6104,40,2023/10/23,15:30~17:10
6,6104,40,2023/10/30,15:30~17:10
6,6104,40,2023/11/6,15:30~17:10
6,6104,40,2023/11/13,15:30~17:10
6,6104,40,2023/11/20,15:30~17:10
6,6104,40,2023/11/27,15:30~17:10
6,6104,40,2023/12/4,15:30~17:10
6,6104,40,2023/12/11,15:30~17:10
6,6104,40,2023/12/18,15:30~17:10
6,6104,40,2023/12/25,15:30~17:10
6,6104,40,2024/1/15,15:30~17:10
6,6104,40,2023/10/9,17:20~19:00
6,6104,40,2023/10/16,17:20~19:00
6,6104,40,2023/10/23,17:20~19:00
6,6104,40,2023/10/30,17:20~19:00
6,6104,40,2023/11/6,17:20~19:00
6,6104,40,2023/11/13,17:20~19:00
6,6104,40,2023/11/20,17:20~19:00
6,6104,40,2023/11/27,17:20~19:00
6,6104,40,2023/12/4,17:20~19:00
6,6104,40,2023/12/11,17:20~19:00
6,6104,40,2023/12/18,17:20~19:00
6,6104,40,2023/12/25,17:20~19:00
6,6104,40,2024/1/15,17:20~19:00
9,9401,40,2023/10/9,17:20~19:00
9,9401,40,2023/10/16,17:20~19:00
9,9401,40,2023/10/23,17:20~19:00
9,9401,40,2023/10/30,17:20~19:00
9,9401,40,2023/11/6,17:20~19:00
9,9401,40,2023/11/13,17:20~19:00
9,9401,40,2023/11/20,17:20~19:00
9,9401,40,2023/11/27,17:20~19:00
9,9401,40,2023/12/4,17:20~19:00
9,9401,40,2023/12/11,17:20~19:00
9,9401,40,2023/12/18,17:20~19:00
9,9401,40,2023/12/25,17:20~19:00
9,9401,40,2024/1/15,17:20~19:00
3,3150,40,2023/10/10,9:20~11:00
3,3150,40,2023/10/17,9:20~11:00
3,3150,40,2023/10/24,9:20~11:00
3,3150,40,2023/10/31,9:20~11:00
3,3150,40,2023/11/7,9:20~11:00
3,3150,40,2023/11/14,9:20~11:00
3,3150,40,2023/11/21,9:20~11:00
3,3150,40,2023/11/28,9:20~11:00
3,3150,40,2023/12/5,9:20~11:00
3,3150,40,2023/12/12,9:20~11:00
3,3150,40,2023/12/19,9:20~11:00
3,3350,40,2023/10/10,9:20~11:00
3,3350,40,2023/10/17,9:20~11:00
3,3350,40,2023/10/24,9:20~11:00
3,3350,40,2023/10/31,9:20~11:00
3,3350,40,2023/11/7,9:20~11:00
3,3350,40,2023/11/14,9:20~11:00
3,3350,40,2023/11/21,9:20~11:00
3,3350,40,2023/11/28,9:20~11:00
3,3350,40,2023/12/5,9:20~11:00
3,3350,40,2023/12/12,9:20~11:00
3,3350,40,2023/12/19,9:20~11:00
10,117,100,2023/10/10,9:20~11:00
10,117,100,2023/10/17,9:20~11:00
10,117,100,2023/10/24,9:20~11:00
10,117,100,2023/10/31,9:20~11:00
10,117,100,2023/11/7,9:20~11:00
10,117,100,2023/11/14,9:20~11:00
10,117,100,2023/11/21,9:20~11:00
10,117,100,2023/11/28,9:20~11:00
10,117,100,2023/12/5,9:20~11:00
10,117,100,2023/12/12,9:20~11:00
10,117,100,2023/12/19,9:20~11:00
10,207,20,2023/10/10,9:20~11:00
10,207,20,2023/10/17,9:20~11:00
10,207,20,2023/10/24,9:20~11:00
10,207,20,2023/10/31,9:20~11:00
10,207,20,2023/11/7,9:20~11:00
10,207,20,2023/11/14,9:20~11:00
10,207,20,2023/11/21,9:20~11:00
10,207,20,2023/11/28,9:20~11:00
10,207,20,2023/12/5,9:20~11:00
10,207,20,2023/12/12,9:20~11:00
10,207,20,2023/12/19,9:20~11:00
10,211,20,2023/10/10,9:20~11:00
10,211,20,2023/10/17,9:20~11:00
10,211,20,2023/10/24,9:20~11:00
10,211,20,2023/10/31,9:20~11:00
10,211,20,2023/11/7,9:20~11:00
10,211,20,2023/11/14,9:20~11:00
10,211,20,2023/11/21,9:20~11:00
10,211,20,2023/11/28,9:20~11:00
10,211,20,2023/12/5,9:20~11:00
10,211,20,2023/12/12,9:20~11:00
10,211,20,2023/12/19,9:20~11:00
10,209,40,2023/10/10,9:20~11:00
10,209,40,2023/10/17,9:20~11:00
10,209,40,2023/10/24,9:20~11:00
10,209,40,2023/10/31,9:20~11:00
10,209,40,2023/11/7,9:20~11:00
10,209,40,2023/11/14,9:20~11:00
10,209,40,2023/11/21,9:20~11:00
10,209,40,2023/11/28,9:20~11:00
10,209,40,2023/12/5,9:20~11:00
10,209,40,2023/12/12,9:20~11:00
10,209,40,2023/12/19,9:20~11:00
10,213,40,2023/10/10,9:20~11:00
10,213,40,2023/10/17,9:20~11:00
10,213,40,2023/10/24,9:20~11:00
10,213,40,2023/10/31,9:20~11:00
10,213,40,2023/11/7,9:20~11:00
10,213,40,2023/11/14,9:20~11:00
10,213,40,2023/11/21,9:20~11:00
10,213,40,2023/11/28,9:20~11:00
10,213,40,2023/12/5,9:20~11:00
10,213,40,2023/12/12,9:20~11:00
10,213,40,2023/12/19,9:20~11:00
10,206,40,2023/10/10,9:20~11:00
10,206,40,2023/10/17,9:20~11:00
10,206,40,2023/10/24,9:20~11:00
10,206,40,2023/10/31,9:20~11:00
10,206,40,2023/11/7,9:20~11:00
10,206,40,2023/11/14,9:20~11:00
10,206,40,2023/11/21,9:20~11:00
10,206,40,2023/11/28,9:20~11:00
10,206,40,2023/12/5,9:20~11:00
10,206,40,2023/12/12,9:20~11:00
10,206,40,2023/12/19,9:20~11:00
10,208,40,2023/10/10,9:20~11:00
10,208,40,2023/10/17,9:20~11:00
10,208,40,2023/10/24,9:20~11:00
10,208,40,2023/10/31,9:20~11:00
10,208,40,2023/11/7,9:20~11:00
10,208,40,2023/11/14,9:20~11:00
10,208,40,2023/11/21,9:20~11:00
10,208,40,2023/11/28,9:20~11:00
10,208,40,2023/12/5,9:20~11:00
10,208,40,2023/12/12,9:20~11:00
10,208,40,2023/12/19,9:20~11:00
10,210,40,2023/10/10,9:20~11:00
10,210,40,2023/10/17,9:20~11:00
10,210,40,2023/10/24,9:20~11:00
10,210,40,2023/10/31,9:20~11:00
10,210,40,2023/11/7,9:20~11:00
10,210,40,2023/11/14,9:20~11:00
10,210,40,2023/11/21,9:20~11:00
10,210,40,2023/11/28,9:20~11:00
10,210,40,2023/12/5,9:20~11:00
10,210,40,2023/12/12,9:20~11:00
10,210,40,2023/12/19,9:20~11:00
3,3112,40,2023/10/10,9:20~11:00
3,3112,40,2023/10/17,9:20~11:00
3,3112,40,2023/10/24,9:20~11:00
3,3112,40,2023/10/31,9:20~11:00
3,3112,40,2023/11/7,9:20~11:00
3,3112,40,2023/11/14,9:20~11:00
3,3112,40,2023/11/21,9:20~11:00
3,3112,40,2023/11/28,9:20~11:00
3,3112,40,2023/12/5,9:20~11:00
3,3112,40,2023/12/12,9:20~11:00
3,3112,40,2023/12/19,9:20~11:00
8,8203,40,2023/10/10,9:20~12:50
8,8203,40,2023/10/17,9:20~12:50
8,8203,40,2023/10/24,9:20~12:50
8,8203,40,2023/10/31,9:20~12:50
8,8203,40,2023/11/7,9:20~12:50
8,8203,40,2023/11/14,9:20~12:50
8,8203,40,2023/11/21,9:20~12:50
8,8203,40,2023/11/28,9:20~12:50
8,8203,40,2023/12/5,9:20~12:50
8,8203,40,2023/12/12,9:20~12:50
8,8203,40,2023/12/19,9:20~12:50
6,6103,40,2023/10/10,9:20~11:00
6,6103,40,2023/10/17,9:20~11:00
6,6103,40,2023/10/24,9:20~11:00
6,6103,40,2023/10/31,9:20~11:00
6,6103,40,2023/11/7,9:20~11:00
6,6103,40,2023/11/14,9:20~11:00
6,6103,40,2023/11/21,9:20~11:00
6,6103,40,2023/11/28,9:20~11:00
6,6103,40,2023/12/5,9:20~11:00
6,6103,40,2023/12/12,9:20~11:00
6,6103,40,2023/12/19,9:20~11:00
3,3120,40,2023/10/10,11:10~12:50
3,3120,40,2023/10/17,11:10~12:50
3,3120,40,2023/10/24,11:10~12:50
3,3120,40,2023/10/31,11:10~12:50
3,3120,40,2023/11/7,11:10~12:50
3,3120,40,2023/11/14,11:10~12:50
3,3120,40,2023/11/21,11:10~12:50
3,3120,40,2023/11/28,11:10~12:50
3,3120,40,2023/12/5,11:10~12:50
3,3120,40,2023/12/12,11:10~12:50
3,3120,40,2023/12/19,11:10~12:50
3,3350,40,2023/10/10,11:10~12:50
3,3350,40,2023/10/17,11:10~12:50
3,3350,40,2023/10/24,11:10~12:50
3,3350,40,2023/10/31,11:10~12:50
3,3350,40,2023/11/7,11:10~12:50
3,3350,40,2023/11/14,11:10~12:50
3,3350,40,2023/11/21,11:10~12:50
3,3350,40,2023/11/28,11:10~12:50
3,3350,40,2023/12/5,11:10~12:50
3,3350,40,2023/12/12,11:10~12:50
3,3350,40,2023/12/19,11:10~12:50
12,321,40,2023/10/10,11:10~12:50
12,321,40,2023/10/17,11:10~12:50
12,321,40,2023/10/24,11:10~12:50
12,321,40,2023/10/31,11:10~12:50
12,321,40,2023/11/7,11:10~12:50
12,321,40,2023/11/14,11:10~12:50
12,321,40,2023/11/21,11:10~12:50
12,321,40,2023/11/28,11:10~12:50
12,321,40,2023/12/5,11:10~12:50
12,321,40,2023/12/12,11:10~12:50
12,321,40,2023/12/19,11:10~12:50
10,117,200,2023/10/10,11:10~12:50
10,117,200,2023/10/17,11:10~12:50
10,117,200,2023/10/24,11:10~12:50
10,117,200,2023/10/31,11:10~12:50
10,117,200,2023/11/7,11:10~12:50
10,117,200,2023/11/14,11:10~12:50
10,117,200,2023/11/21,11:10~12:50
10,117,200,2023/11/28,11:10~12:50
10,117,200,2023/12/5,11:10~12:50
10,117,200,2023/12/12,11:10~12:50
10,117,200,2023/12/19,11:10~12:50
10,207,40,2023/10/10,11:10~12:50
10,207,40,2023/10/17,11:10~12:50
10,207,40,2023/10/24,11:10~12:50
10,207,40,2023/10/31,11:10~12:50
10,207,40,2023/11/7,11:10~12:50
10,207,40,2023/11/14,11:10~12:50
10,207,40,2023/11/21,11:10~12:50
10,207,40,2023/11/28,11:10~12:50
10,207,40,2023/12/5,11:10~12:50
10,207,40,2023/12/12,11:10~12:50
10,207,40,2023/12/19,11:10~12:50
10,211,40,2023/10/10,11:10~12:50
10,211,40,2023/10/17,11:10~12:50
10,211,40,2023/10/24,11:10~12:50
10,211,40,2023/10/31,11:10~12:50
10,211,40,2023/11/7,11:10~12:50
10,211,40,2023/11/14,11:10~12:50
10,211,40,2023/11/21,11:10~12:50
10,211,40,2023/11/28,11:10~12:50
10,211,40,2023/12/5,11:10~12:50
10,211,40,2023/12/12,11:10~12:50
10,211,40,2023/12/19,11:10~12:50
10,209,40,2023/10/10,11:10~12:50
10,209,40,2023/10/17,11:10~12:50
10,209,40,2023/10/24,11:10~12:50
10,209,40,2023/10/31,11:10~12:50
10,209,40,2023/11/7,11:10~12:50
10,209,40,2023/11/14,11:10~12:50
10,209,40,2023/11/21,11:10~12:50
10,209,40,2023/11/28,11:10~12:50
10,209,40,2023/12/5,11:10~12:50
10,209,40,2023/12/12,11:10~12:50
10,209,40,2023/12/19,11:10~12:50
10,213,40,2023/10/10,11:10~12:50
10,213,40,2023/10/17,11:10~12:50
10,213,40,2023/10/24,11:10~12:50
10,213,40,2023/10/31,11:10~12:50
10,213,40,2023/11/7,11:10~12:50
10,213,40,2023/11/14,11:10~12:50
10,213,40,2023/11/21,11:10~12:50
10,213,40,2023/11/28,11:10~12:50
10,213,40,2023/12/5,11:10~12:50
10,213,40,2023/12/12,11:10~12:50
10,213,40,2023/12/19,11:10~12:50
10,208,40,2023/10/10,11:10~12:50
10,208,40,2023/10/17,11:10~12:50
10,208,40,2023/10/24,11:10~12:50
10,208,40,2023/10/31,11:10~12:50
10,208,40,2023/11/7,11:10~12:50
10,208,40,2023/11/14,11:10~12:50
10,208,40,2023/11/21,11:10~12:50
10,208,40,2023/11/28,11:10~12:50
10,208,40,2023/12/5,11:10~12:50
10,208,40,2023/12/12,11:10~12:50
10,208,40,2023/12/19,11:10~12:50
3,3111,40,2023/10/10,11:10~12:50
3,3111,40,2023/10/17,11:10~12:50
3,3111,40,2023/10/24,11:10~12:50
3,3111,40,2023/10/31,11:10~12:50
3,3111,40,2023/11/7,11:10~12:50
3,3111,40,2023/11/14,11:10~12:50
3,3111,40,2023/11/21,11:10~12:50
3,3111,40,2023/11/28,11:10~12:50
3,3111,40,2023/12/5,11:10~12:50
3,3111,40,2023/12/12,11:10~12:50
3,3111,40,2023/12/19,11:10~12:50
6,6104,40,2023/10/10,11:10~12:50
6,6104,40,2023/10/17,11:10~12:50
6,6104,40,2023/10/24,11:10~12:50
6,6104,40,2023/10/31,11:10~12:50
6,6104,40,2023/11/7,11:10~12:50
6,6104,40,2023/11/14,11:10~12:50
6,6104,40,2023/11/21,11:10~12:50
6,6104,40,2023/11/28,11:10~12:50
6,6104,40,2023/12/5,11:10~12:50
6,6104,40,2023/12/12,11:10~12:50
6,6104,40,2023/12/19,11:10~12:50
3,3240,40,2023/10/10,11:10~12:50
3,3240,40,2023/10/17,11:10~12:50
3,3240,40,2023/10/24,11:10~12:50
3,3240,40,2023/10/31,11:10~12:50
3,3240,40,2023/11/7,11:10~12:50
3,3240,40,2023/11/14,11:10~12:50
3,3240,40,2023/11/21,11:10~12:50
3,3240,40,2023/11/28,11:10~12:50
3,3240,40,2023/12/5,11:10~12:50
3,3240,40,2023/12/12,11:10~12:50
3,3240,40,2023/12/19,11:10~12:50
6,6103,40,2023/10/10,11:10~12:50
6,6103,40,2023/10/17,11:10~12:50
6,6103,40,2023/10/24,11:10~12:50
6,6103,40,2023/10/31,11:10~12:50
6,6103,40,2023/11/7,11:10~12:50
6,6103,40,2023/11/14,11:10~12:50
6,6103,40,2023/11/21,11:10~12:50
6,6103,40,2023/11/28,11:10~12:50
6,6103,40,2023/12/5,11:10~12:50
6,6103,40,2023/12/12,11:10~12:50
6,6103,40,2023/12/19,11:10~12:50
3,3250,40,2023/10/10,11:10~12:50
3,3250,40,2023/10/17,11:10~12:50
3,3250,40,2023/10/24,11:10~12:50
3,3250,40,2023/10/31,11:10~12:50
3,3250,40,2023/11/7,11:10~12:50
3,3250,40,2023/11/14,11:10~12:50
3,3250,40,2023/11/21,11:10~12:50
3,3250,40,2023/11/28,11:10~12:50
3,3250,40,2023/12/5,11:10~12:50
3,3250,40,2023/12/12,11:10~12:50
3,3250,40,2023/12/19,11:10~12:50
3,3320,40,2023/10/10,11:10~12:50
3,3320,40,2023/10/17,11:10~12:50
3,3320,40,2023/10/24,11:10~12:50
3,3320,40,2023/10/31,11:10~12:50
3,3320,40,2023/11/7,11:10~12:50
3,3320,40,2023/11/14,11:10~12:50
3,3320,40,2023/11/21,11:10~12:50
3,3320,40,2023/11/28,11:10~12:50
3,3320,40,2023/12/5,11:10~12:50
3,3320,40,2023/12/12,11:10~12:50
3,3320,40,2023/12/19,11:10~12:50
6,6102,40,2023/10/10,11:10~12:50
6,6102,40,2023/10/17,11:10~12:50
6,6102,40,2023/10/24,11:10~12:50
6,6102,40,2023/10/31,11:10~12:50
6,6102,40,2023/11/7,11:10~12:50
6,6102,40,2023/11/14,11:10~12:50
6,6102,40,2023/11/21,11:10~12:50
6,6102,40,2023/11/28,11:10~12:50
6,6102,40,2023/12/5,11:10~12:50
6,6102,40,2023/12/12,11:10~12:50
6,6102,40,2023/12/19,11:10~12:50
10,206,40,2023/10/10,13:40~15:20
10,206,40,2023/10/17,13:40~15:20
10,206,40,2023/10/24,13:40~15:20
10,206,40,2023/10/31,13:40~15:20
10,206,40,2023/11/7,13:40~15:20
10,206,40,2023/11/14,13:40~15:20
10,206,40,2023/11/21,13:40~15:20
10,206,40,2023/11/28,13:40~15:20
10,206,40,2023/12/5,13:40~15:20
10,206,40,2023/12/12,13:40~15:20
10,206,40,2023/12/19,13:40~15:20
3,3112,40,2023/10/10,13:40~15:20
3,3112,40,2023/10/17,13:40~15:20
3,3112,40,2023/10/24,13:40~15:20
3,3112,40,2023/10/31,13:40~15:20
3,3112,40,2023/11/7,13:40~15:20
3,3112,40,2023/11/14,13:40~15:20
3,3112,40,2023/11/21,13:40~15:20
3,3112,40,2023/11/28,13:40~15:20
3,3112,40,2023/12/5,13:40~15:20
3,3112,40,2023/12/12,13:40~15:20
3,3112,40,2023/12/19,13:40~15:20
10,207,40,2023/10/10,13:40~15:20
10,207,40,2023/10/17,13:40~15:20
10,207,40,2023/10/24,13:40~15:20
10,207,40,2023/10/31,13:40~15:20
10,207,40,2023/11/7,13:40~15:20
10,207,40,2023/11/14,13:40~15:20
10,207,40,2023/11/21,13:40~15:20
10,207,40,2023/11/28,13:40~15:20
10,207,40,2023/12/5,13:40~15:20
10,207,40,2023/12/12,13:40~15:20
10,207,40,2023/12/19,13:40~15:20
10,208,40,2023/10/10,13:40~15:20
10,208,40,2023/10/17,13:40~15:20
10,208,40,2023/10/24,13:40~15:20
10,208,40,2023/10/31,13:40~15:20
10,208,40,2023/11/7,13:40~15:20
10,208,40,2023/11/14,13:40~15:20
10,208,40,2023/11/21,13:40~15:20
10,208,40,2023/11/28,13:40~15:20
10,208,40,2023/12/5,13:40~15:20
10,208,40,2023/12/12,13:40~15:20
10,208,40,2023/12/19,13:40~15:20
10,210,40,2023/10/10,13:40~15:20
10,210,40,2023/10/17,13:40~15:20
10,210,40,2023/10/24,13:40~15:20
10,210,40,2023/10/31,13:40~15:20
10,210,40,2023/11/7,13:40~15:20
10,210,40,2023/11/14,13:40~15:20
10,210,40,2023/11/21,13:40~15:20
10,210,40,2023/11/28,13:40~15:20
10,210,40,2023/12/5,13:40~15:20
10,210,40,2023/12/12,13:40~15:20
10,210,40,2023/12/19,13:40~15:20
3,3111,40,2023/10/10,13:40~15:20
3,3111,40,2023/10/17,13:40~15:20
3,3111,40,2023/10/24,13:40~15:20
3,3111,40,2023/10/31,13:40~15:20
3,3111,40,2023/11/7,13:40~15:20
3,3111,40,2023/11/14,13:40~15:20
3,3111,40,2023/11/21,13:40~15:20
3,3111,40,2023/11/28,13:40~15:20
3,3111,40,2023/12/5,13:40~15:20
3,3111,40,2023/12/12,13:40~15:20
3,3111,40,2023/12/19,13:40~15:20
6,6102,40,2023/10/10,13:40~15:20
6,6102,40,2023/10/17,13:40~15:20
6,6102,40,2023/10/24,13:40~15:20
6,6102,40,2023/10/31,13:40~15:20
6,6102,40,2023/11/7,13:40~15:20
6,6102,40,2023/11/14,13:40~15:20
6,6102,40,2023/11/21,13:40~15:20
6,6102,40,2023/11/28,13:40~15:20
6,6102,40,2023/12/5,13:40~15:20
6,6102,40,2023/12/12,13:40~15:20
6,6102,40,2023/12/19,13:40~15:20
3,3240,40,2023/10/10,13:40~15:20
3,3240,40,2023/10/17,13:40~15:20
3,3240,40,2023/10/24,13:40~15:20
3,3240,40,2023/10/31,13:40~15:20
3,3240,40,2023/11/7,13:40~15:20
3,3240,40,2023/11/14,13:40~15:20
3,3240,40,2023/11/21,13:40~15:20
3,3240,40,2023/11/28,13:40~15:20
3,3240,40,2023/12/5,13:40~15:20
3,3240,40,2023/12/12,13:40~15:20
3,3240,40,2023/12/19,13:40~15:20
6,6101,40,2023/10/10,13:40~15:20
6,6101,40,2023/10/17,13:40~15:20
6,6101,40,2023/10/24,13:40~15:20
6,6101,40,2023/10/31,13:40~15:20
6,6101,40,2023/11/7,13:40~15:20
6,6101,40,2023/11/14,13:40~15:20
6,6101,40,2023/11/21,13:40~15:20
6,6101,40,2023/11/28,13:40~15:20
6,6101,40,2023/12/5,13:40~15:20
6,6101,40,2023/12/12,13:40~15:20
6,6101,40,2023/12/19,13:40~15:20
3,3250,40,2023/10/10,13:40~15:20
3,3250,40,2023/10/17,13:40~15:20
3,3250,40,2023/10/24,13:40~15:20
3,3250,40,2023/10/31,13:40~15:20
3,3250,40,2023/11/7,13:40~15:20
3,3250,40,2023/11/14,13:40~15:20
3,3250,40,2023/11/21,13:40~15:20
3,3250,40,2023/11/28,13:40~15:20
3,3250,40,2023/12/5,13:40~15:20
3,3250,40,2023/12/12,13:40~15:20
3,3250,40,2023/12/19,13:40~15:20
10,117,200,2023/10/10,13:40~15:20
10,117,200,2023/10/17,13:40~15:20
10,117,200,2023/10/24,13:40~15:20
10,117,200,2023/10/31,13:40~15:20
10,117,200,2023/11/7,13:40~15:20
10,117,200,2023/11/14,13:40~15:20
10,117,200,2023/11/21,13:40~15:20
10,117,200,2023/11/28,13:40~15:20
10,117,200,2023/12/5,13:40~15:20
10,117,200,2023/12/12,13:40~15:20
10,117,200,2023/12/19,13:40~15:20
10,203,100,2023/10/10,13:40~17:10
10,203,100,2023/10/17,13:40~17:10
10,203,100,2023/10/24,13:40~17:10
10,203,100,2023/10/31,13:40~17:10
10,203,100,2023/11/7,13:40~17:10
10,203,100,2023/11/14,13:40~17:10
10,203,100,2023/11/21,13:40~17:10
10,203,100,2023/11/28,13:40~17:10
10,203,100,2023/12/5,13:40~17:10
10,203,100,2023/12/12,13:40~17:10
10,203,100,2023/12/19,13:40~17:10
3,3120,40,2023/10/10,13:40~15:20
3,3120,40,2023/10/17,13:40~15:20
3,3120,40,2023/10/24,13:40~15:20
3,3120,40,2023/10/31,13:40~15:20
3,3120,40,2023/11/7,13:40~15:20
3,3120,40,2023/11/14,13:40~15:20
3,3120,40,2023/11/21,13:40~15:20
3,3120,40,2023/11/28,13:40~15:20
3,3120,40,2023/12/5,13:40~15:20
3,3120,40,2023/12/12,13:40~15:20
10,117,200,2023/10/10,15:30~17:10
10,117,200,2023/10/17,15:30~17:10
10,117,200,2023/10/24,15:30~17:10
10,117,200,2023/10/31,15:30~17:10
10,117,200,2023/11/7,15:30~17:10
10,117,200,2023/11/14,15:30~17:10
10,117,200,2023/11/21,15:30~17:10
10,117,200,2023/11/28,15:30~17:10
10,117,200,2023/12/5,15:30~17:10
10,117,200,2023/12/12,15:30~17:10
10,117,200,2023/12/19,15:30~17:10
3,3220,40,2023/10/10,15:30~17:10
3,3220,40,2023/10/17,15:30~17:10
3,3220,40,2023/10/24,15:30~17:10
3,3220,40,2023/10/31,15:30~17:10
3,3220,40,2023/11/7,15:30~17:10
3,3220,40,2023/11/14,15:30~17:10
3,3220,40,2023/11/21,15:30~17:10
3,3220,40,2023/11/28,15:30~17:10
3,3220,40,2023/12/5,15:30~17:10
3,3220,40,2023/12/12,15:30~17:10
3,3220,40,2023/12/19,15:30~17:10
6,6101,40,2023/10/10,15:30~17:10
6,6101,40,2023/10/17,15:30~17:10
6,6101,40,2023/10/24,15:30~17:10
6,6101,40,2023/10/31,15:30~17:10
6,6101,40,2023/11/7,15:30~17:10
6,6101,40,2023/11/14,15:30~17:10
6,6101,40,2023/11/21,15:30~17:10
6,6101,40,2023/11/28,15:30~17:10
6,6101,40,2023/12/5,15:30~17:10
6,6101,40,2023/12/12,15:30~17:10
6,6101,40,2023/12/19,15:30~17:10
12,228,40,2023/10/10,15:30~17:10
12,228,40,2023/10/17,15:30~17:10
12,228,40,2023/10/24,15:30~17:10
12,228,40,2023/10/31,15:30~17:10
12,228,40,2023/11/7,15:30~17:10
12,228,40,2023/11/14,15:30~17:10
12,228,40,2023/11/21,15:30~17:10
12,228,40,2023/11/28,15:30~17:10
12,228,40,2023/12/5,15:30~17:10
12,228,40,2023/12/12,15:30~17:10
12,228,40,2023/12/19,15:30~17:10
10,203,100,2023/10/10,15:30~17:10
10,203,100,2023/10/17,15:30~17:10
10,203,100,2023/10/24,15:30~17:10
10,203,100,2023/10/31,15:30~17:10
10,203,100,2023/11/7,15:30~17:10
10,203,100,2023/11/14,15:30~17:10
10,203,100,2023/11/21,15:30~17:10
10,203,100,2023/11/28,15:30~17:10
10,203,100,2023/12/5,15:30~17:10
10,203,100,2023/12/12,15:30~17:10
10,203,100,2023/12/19,15:30~17:10
10,201,1000,2023/10/10,15:30~17:10
10,201,1000,2023/10/17,15:30~17:10
10,201,1000,2023/10/24,15:30~17:10
10,201,1000,2023/10/31,15:30~17:10
10,201,1000,2023/11/7,15:30~17:10
10,201,1000,2023/11/14,15:30~17:10
10,201,1000,2023/11/21,15:30~17:10
10,201,1000,2023/11/28,15:30~17:10
10,201,1000,2023/12/5,15:30~17:10
10,201,1000,2023/12/12,15:30~17:10
10,201,1000,2023/12/19,15:30~17:10
10,204,100,2023/10/10,15:30~17:10
10,204,100,2023/10/17,15:30~17:10
10,204,100,2023/10/24,15:30~17:10
10,204,100,2023/10/31,15:30~17:10
10,204,100,2023/11/7,15:30~17:10
10,204,100,2023/11/14,15:30~17:10
10,204,100,2023/11/21,15:30~17:10
10,204,100,2023/11/28,15:30~17:10
10,204,100,2023/12/5,15:30~17:10
10,204,100,2023/12/12,15:30~17:10
10,204,100,2023/12/19,15:30~17:10
3,3210,40,2023/10/10,15:30~17:10
3,3210,40,2023/10/17,15:30~17:10
3,3210,40,2023/10/24,15:30~17:10
3,3210,40,2023/10/31,15:30~17:10
3,3210,40,2023/11/7,15:30~17:10
3,3210,40,2023/11/14,15:30~17:10
3,3210,40,2023/11/21,15:30~17:10
3,3210,40,2023/11/28,15:30~17:10
3,3210,40,2023/12/5,15:30~17:10
3,3210,40,2023/12/12,15:30~17:10
3,3210,40,2023/12/19,15:30~17:10
6,6104,40,2023/10/10,17:10~19:00
6,6104,40,2023/10/17,17:10~19:00
6,6104,40,2023/10/24,17:10~19:00
6,6104,40,2023/10/31,17:10~19:00
6,6104,40,2023/11/7,17:10~19:00
6,6104,40,2023/11/14,17:10~19:00
6,6104,40,2023/11/21,17:10~19:00
6,6104,40,2023/11/28,17:10~19:00
6,6104,40,2023/12/5,17:10~19:00
6,6104,40,2023/12/12,17:10~19:00
6,6104,40,2023/12/19,17:10~19:00
6,6101,40,2023/10/10,17:10~19:00
6,6101,40,2023/10/17,17:10~19:00
6,6101,40,2023/10/24,17:10~19:00
6,6101,40,2023/10/31,17:10~19:00
6,6101,40,2023/11/7,17:10~19:00
6,6101,40,2023/11/14,17:10~19:00
6,6101,40,2023/11/21,17:10~19:00
6,6101,40,2023/11/28,17:10~19:00
6,6101,40,2023/12/5,17:10~19:00
6,6101,40,2023/12/12,17:10~19:00
6,6101,40,2023/12/19,17:10~19:00
3,3210,40,2023/10/10,17:10~19:00
3,3210,40,2023/10/17,17:10~19:00
3,3210,40,2023/10/24,17:10~19:00
3,3210,40,2023/10/31,17:10~19:00
3,3210,40,2023/11/7,17:10~19:00
3,3210,40,2023/11/14,17:10~19:00
3,3210,40,2023/11/21,17:10~19:00
3,3210,40,2023/11/28,17:10~19:00
3,3210,40,2023/12/5,17:10~19:00
3,3210,40,2023/12/12,17:10~19:00
3,3210,40,2023/12/19,17:10~19:00
3,3350,40,2023/10/11,9:20~11:00
3,3350,40,2023/10/18,9:20~11:00
3,3350,40,2023/10/25,9:20~11:00
3,3350,40,2023/11/8,9:20~11:00
3,3350,40,2023/11/15,9:20~11:00
3,3350,40,2023/11/22,9:20~11:00
3,3350,40,2023/11/29,9:20~11:00
3,3350,40,2023/12/6,9:20~11:00
3,3350,40,2023/12/13,9:20~11:00
3,3350,40,2023/12/20,9:20~11:00
3,3350,40,2024/1/10,9:20~11:00
3,3250,40,2023/10/11,9:20~11:00
3,3250,40,2023/10/18,9:20~11:00
3,3250,40,2023/10/25,9:20~11:00
3,3250,40,2023/11/8,9:20~11:00
3,3250,40,2023/11/15,9:20~11:00
3,3250,40,2023/11/22,9:20~11:00
3,3250,40,2023/11/29,9:20~11:00
3,3250,40,2023/12/6,9:20~11:00
3,3250,40,2023/12/13,9:20~11:00
3,3250,40,2023/12/20,9:20~11:00
3,3250,40,2024/1/10,9:20~11:00
3,3130,40,2023/10/11,9:20~11:00
3,3130,40,2023/10/18,9:20~11:00
3,3130,40,2023/10/25,9:20~11:00
3,3130,40,2023/11/8,9:20~11:00
3,3130,40,2023/11/15,9:20~11:00
3,3130,40,2023/11/22,9:20~11:00
3,3130,40,2023/11/29,9:20~11:00
3,3130,40,2023/12/6,9:20~11:00
3,3130,40,2023/12/13,9:20~11:00
3,3130,40,2023/12/20,9:20~11:00
3,3130,40,2024/1/10,9:20~11:00
10,117,200,2023/10/11,9:20~11:00
10,117,200,2023/10/18,9:20~11:00
10,117,200,2023/10/25,9:20~11:00
10,117,200,2023/11/8,9:20~11:00
10,117,200,2023/11/15,9:20~11:00
10,117,200,2023/11/22,9:20~11:00
10,117,200,2023/11/29,9:20~11:00
10,117,200,2023/12/6,9:20~11:00
10,117,200,2023/12/13,9:20~11:00
10,117,200,2023/12/20,9:20~11:00
10,117,200,2024/1/10,9:20~11:00
6,6102,40,2023/10/11,9:20~12:50
6,6102,40,2023/10/18,9:20~12:50
6,6102,40,2023/10/25,9:20~12:50
6,6102,40,2023/11/8,9:20~12:50
6,6102,40,2023/11/15,9:20~12:50
6,6102,40,2023/11/22,9:20~12:50
6,6102,40,2023/11/29,9:20~12:50
6,6102,40,2023/12/6,9:20~12:50
6,6102,40,2023/12/13,9:20~12:50
6,6102,40,2023/12/20,9:20~12:50
6,6102,40,2024/1/10,9:20~12:50
3,3220,40,2023/10/11,9:20~11:00
3,3220,40,2023/10/18,9:20~11:00
3,3220,40,2023/10/25,9:20~11:00
3,3220,40,2023/11/8,9:20~11:00
3,3220,40,2023/11/15,9:20~11:00
3,3220,40,2023/11/22,9:20~11:00
3,3220,40,2023/11/29,9:20~11:00
3,3220,40,2023/12/6,9:20~11:00
3,3220,40,2023/12/13,9:20~11:00
3,3220,40,2023/12/20,9:20~11:00
3,3220,40,2024/1/10,9:20~11:00
6,6104,40,2023/10/11,9:20~11:00
6,6104,40,2023/10/18,9:20~11:00
6,6104,40,2023/10/25,9:20~11:00
6,6104,40,2023/11/8,9:20~11:00
6,6104,40,2023/11/15,9:20~11:00
6,6104,40,2023/11/22,9:20~11:00
6,6104,40,2023/11/29,9:20~11:00
6,6104,40,2023/12/6,9:20~11:00
6,6104,40,2023/12/13,9:20~11:00
6,6104,40,2023/12/20,9:20~11:00
6,6104,40,2024/1/10,9:20~11:00
3,3230,40,2023/10/11,11:10~12:50
3,3230,40,2023/10/18,11:10~12:50
3,3230,40,2023/10/25,11:10~12:50
3,3230,40,2023/11/8,11:10~12:50
3,3230,40,2023/11/15,11:10~12:50
3,3230,40,2023/11/22,11:10~12:50
3,3230,40,2023/11/29,11:10~12:50
3,3230,40,2023/12/6,11:10~12:50
3,3230,40,2023/12/13,11:10~12:50
3,3230,40,2023/12/20,11:10~12:50
3,3230,40,2024/1/10,11:10~12:50
10,210,40,2023/10/11,11:10~12:50
10,210,40,2023/10/18,11:10~12:50
10,210,40,2023/10/25,11:10~12:50
10,210,40,2023/11/8,11:10~12:50
10,210,40,2023/11/15,11:10~12:50
10,210,40,2023/11/22,11:10~12:50
10,210,40,2023/11/29,11:10~12:50
10,210,40,2023/12/6,11:10~12:50
10,210,40,2023/12/13,11:10~12:50
10,210,40,2023/12/20,11:10~12:50
10,210,40,2024/1/10,11:10~12:50
3,3311,40,2023/10/11,11:10~12:50
3,3311,40,2023/10/18,11:10~12:50
3,3311,40,2023/10/25,11:10~12:50
3,3311,40,2023/11/8,11:10~12:50
3,3311,40,2023/11/15,11:10~12:50
3,3311,40,2023/11/22,11:10~12:50
3,3311,40,2023/11/29,11:10~12:50
3,3311,40,2023/12/6,11:10~12:50
3,3311,40,2023/12/13,11:10~12:50
3,3311,40,2023/12/20,11:10~12:50
3,3311,40,2024/1/10,11:10~12:50
10,208,40,2023/10/11,11:10~12:50
10,208,40,2023/10/18,11:10~12:50
10,208,40,2023/10/25,11:10~12:50
10,208,40,2023/11/8,11:10~12:50
10,208,40,2023/11/15,11:10~12:50
10,208,40,2023/11/22,11:10~12:50
10,208,40,2023/11/29,11:10~12:50
10,208,40,2023/12/6,11:10~12:50
10,208,40,2023/12/13,11:10~12:50
10,208,40,2023/12/20,11:10~12:50
10,208,40,2024/1/10,11:10~12:50
8,8201,40,2023/10/11,11:10~12:50
8,8201,40,2023/10/18,11:10~12:50
8,8201,40,2023/10/25,11:10~12:50
8,8201,40,2023/11/8,11:10~12:50
8,8201,40,2023/11/15,11:10~12:50
8,8201,40,2023/11/22,11:10~12:50
8,8201,40,2023/11/29,11:10~12:50
8,8201,40,2023/12/6,11:10~12:50
8,8201,40,2023/12/13,11:10~12:50
8,8201,40,2023/12/20,11:10~12:50
8,8201,40,2024/1/10,11:10~12:50
10,206,40,2023/10/11,11:10~12:50
10,206,40,2023/10/18,11:10~12:50
10,206,40,2023/10/25,11:10~12:50
10,206,40,2023/11/8,11:10~12:50
10,206,40,2023/11/15,11:10~12:50
10,206,40,2023/11/22,11:10~12:50
10,206,40,2023/11/29,11:10~12:50
10,206,40,2023/12/6,11:10~12:50
10,206,40,2023/12/13,11:10~12:50
10,206,40,2023/12/20,11:10~12:50
10,206,40,2024/1/10,11:10~12:50
3,3120,40,2023/10/11,11:10~12:50
3,3120,40,2023/10/18,11:10~12:50
3,3120,40,2023/10/25,11:10~12:50
3,3120,40,2023/11/8,11:10~12:50
3,3120,40,2023/11/15,11:10~12:50
3,3120,40,2023/11/22,11:10~12:50
3,3120,40,2023/11/29,11:10~12:50
3,3120,40,2023/12/6,11:10~12:50
3,3120,40,2023/12/13,11:10~12:50
3,3120,40,2023/12/20,11:10~12:50
3,3120,40,2024/1/10,11:10~12:50
3,3210,40,2023/10/11,11:10~12:50
3,3210,40,2023/10/18,11:10~12:50
3,3210,40,2023/10/25,11:10~12:50
3,3210,40,2023/11/8,11:10~12:50
3,3210,40,2023/11/15,11:10~12:50
3,3210,40,2023/11/22,11:10~12:50
3,3210,40,2023/11/29,11:10~12:50
3,3210,40,2023/12/6,11:10~12:50
3,3210,40,2023/12/13,11:10~12:50
3,3210,40,2023/12/20,11:10~12:50
3,3210,40,2024/1/10,11:10~12:50
12,221,40,2023/10/11,11:10~12:50
12,221,40,2023/10/18,11:10~12:50
12,221,40,2023/10/25,11:10~12:50
12,221,40,2023/11/8,11:10~12:50
12,221,40,2023/11/15,11:10~12:50
12,221,40,2023/11/22,11:10~12:50
12,221,40,2023/11/29,11:10~12:50
12,221,40,2023/12/6,11:10~12:50
12,221,40,2023/12/13,11:10~12:50
12,221,40,2023/12/20,11:10~12:50
12,221,40,2024/1/10,11:10~12:50
10,203,100,2023/10/11,11:10~12:50
10,203,100,2023/10/18,11:10~12:50
10,203,100,2023/10/25,11:10~12:50
10,203,100,2023/11/8,11:10~12:50
10,203,100,2023/11/15,11:10~12:50
10,203,100,2023/11/22,11:10~12:50
10,203,100,2023/11/29,11:10~12:50
10,203,100,2023/12/6,11:10~12:50
10,203,100,2023/12/13,11:10~12:50
10,203,100,2023/12/20,11:10~12:50
10,203,100,2024/1/10,11:10~12:50
10,204,100,2023/10/11,11:10~12:50
10,204,100,2023/10/18,11:10~12:50
10,204,100,2023/10/25,11:10~12:50
10,204,100,2023/11/8,11:10~12:50
10,204,100,2023/11/15,11:10~12:50
10,204,100,2023/11/22,11:10~12:50
10,204,100,2023/11/29,11:10~12:50
10,204,100,2023/12/6,11:10~12:50
10,204,100,2023/12/13,11:10~12:50
10,204,100,2023/12/20,11:10~12:50
10,204,100,2024/1/10,11:10~12:50
3,3250,40,2023/10/11,11:10~12:50
3,3250,40,2023/10/18,11:10~12:50
3,3250,40,2023/10/25,11:10~12:50
3,3250,40,2023/11/8,11:10~12:50
3,3250,40,2023/11/15,11:10~12:50
3,3250,40,2023/11/22,11:10~12:50
3,3250,40,2023/11/29,11:10~12:50
3,3250,40,2023/12/6,11:10~12:50
3,3250,40,2023/12/13,11:10~12:50
3,3250,40,2023/12/20,11:10~12:50
3,3250,40,2024/1/10,11:10~12:50
10,209,40,2023/10/11,13:40~15:20
10,209,40,2023/10/18,13:40~15:20
10,209,40,2023/10/25,13:40~15:20
10,209,40,2023/11/8,13:40~15:20
10,209,40,2023/11/15,13:40~15:20
10,209,40,2023/11/22,13:40~15:20
10,209,40,2023/11/29,13:40~15:20
10,209,40,2023/12/6,13:40~15:20
10,209,40,2023/12/13,13:40~15:20
10,209,40,2023/12/20,13:40~15:20
10,209,40,2024/1/10,13:40~15:20
10,208,40,2023/10/11,13:40~15:20
10,208,40,2023/10/18,13:40~15:20
10,208,40,2023/10/25,13:40~15:20
10,208,40,2023/11/8,13:40~15:20
10,208,40,2023/11/15,13:40~15:20
10,208,40,2023/11/22,13:40~15:20
10,208,40,2023/11/29,13:40~15:20
10,208,40,2023/12/6,13:40~15:20
10,208,40,2023/12/13,13:40~15:20
10,208,40,2023/12/20,13:40~15:20
10,208,40,2024/1/10,13:40~15:20
3,3111,40,2023/10/11,13:40~15:20
3,3111,40,2023/10/18,13:40~15:20
3,3111,40,2023/10/25,13:40~15:20
3,3111,40,2023/11/8,13:40~15:20
3,3111,40,2023/11/15,13:40~15:20
3,3111,40,2023/11/22,13:40~15:20
3,3111,40,2023/11/29,13:40~15:20
3,3111,40,2023/12/6,13:40~15:20
3,3111,40,2023/12/13,13:40~15:20
3,3111,40,2023/12/20,13:40~15:20
3,3111,40,2024/1/10,13:40~15:20
3,3150,40,2023/10/11,13:40~15:20
3,3150,40,2023/10/18,13:40~15:20
3,3150,40,2023/10/25,13:40~15:20
3,3150,40,2023/11/8,13:40~15:20
3,3150,40,2023/11/15,13:40~15:20
3,3150,40,2023/11/22,13:40~15:20
3,3150,40,2023/11/29,13:40~15:20
3,3150,40,2023/12/6,13:40~15:20
3,3150,40,2023/12/13,13:40~15:20
3,3150,40,2023/12/20,13:40~15:20
3,3150,40,2024/1/10,13:40~15:20
10,207,40,2023/10/11,13:40~15:20
10,207,40,2023/10/18,13:40~15:20
10,207,40,2023/10/25,13:40~15:20
10,207,40,2023/11/8,13:40~15:20
10,207,40,2023/11/15,13:40~15:20
10,207,40,2023/11/22,13:40~15:20
10,207,40,2023/11/29,13:40~15:20
10,207,40,2023/12/6,13:40~15:20
10,207,40,2023/12/13,13:40~15:20
10,207,40,2023/12/20,13:40~15:20
10,207,40,2024/1/10,13:40~15:20
12,224,40,2023/10/11,13:40~15:20
12,224,40,2023/10/18,13:40~15:20
12,224,40,2023/10/25,13:40~15:20
12,224,40,2023/11/8,13:40~15:20
12,224,40,2023/11/15,13:40~15:20
12,224,40,2023/11/22,13:40~15:20
12,224,40,2023/11/29,13:40~15:20
12,224,40,2023/12/6,13:40~15:20
12,224,40,2023/12/13,13:40~15:20
12,224,40,2023/12/20,13:40~15:20
12,224,40,2024/1/10,13:40~15:20
3,3320,40,2023/10/11,15:30~17:10
3,3320,40,2023/10/18,15:30~17:10
3,3320,40,2023/10/25,15:30~17:10
3,3320,40,2023/11/8,15:30~17:10
3,3320,40,2023/11/15,15:30~17:10
3,3320,40,2023/11/22,15:30~17:10
3,3320,40,2023/11/29,15:30~17:10
3,3320,40,2023/12/6,15:30~17:10
3,3320,40,2023/12/13,15:30~17:10
3,3320,40,2023/12/20,15:30~17:10
3,3320,40,2024/1/10,15:30~17:10
3,3150,40,2023/10/11,15:30~17:10
3,3150,40,2023/10/18,15:30~17:10
3,3150,40,2023/10/25,15:30~17:10
3,3150,40,2023/11/8,15:30~17:10
3,3150,40,2023/11/15,15:30~17:10
3,3150,40,2023/11/22,15:30~17:10
3,3150,40,2023/11/29,15:30~17:10
3,3150,40,2023/12/6,15:30~17:10
3,3150,40,2023/12/13,15:30~17:10
3,3150,40,2023/12/20,15:30~17:10
3,3150,40,2024/1/10,15:30~17:10
3,3330,40,2023/10/11,15:30~17:10
3,3330,40,2023/10/18,15:30~17:10
3,3330,40,2023/10/25,15:30~17:10
3,3330,40,2023/11/8,15:30~17:10
3,3330,40,2023/11/15,15:30~17:10
3,3330,40,2023/11/22,15:30~17:10
3,3330,40,2023/11/29,15:30~17:10
3,3330,40,2023/12/6,15:30~17:10
3,3330,40,2023/12/13,15:30~17:10
3,3330,40,2023/12/20,15:30~17:10
3,3330,40,2024/1/10,15:30~17:10
12,224,40,2023/10/11,15:30~17:10
12,224,40,2023/10/18,15:30~17:10
12,224,40,2023/10/25,15:30~17:10
12,224,40,2023/11/8,15:30~17:10
12,224,40,2023/11/15,15:30~17:10
12,224,40,2023/11/22,15:30~17:10
12,224,40,2023/11/29,15:30~17:10
12,224,40,2023/12/6,15:30~17:10
12,224,40,2023/12/13,15:30~17:10
12,224,40,2023/12/20,15:30~17:10
12,224,40,2024/1/10,15:30~17:10
3,3111,40,2023/10/11,15:30~17:10
3,3111,40,2023/10/18,15:30~17:10
3,3111,40,2023/10/25,15:30~17:10
3,3111,40,2023/11/8,15:30~17:10
3,3111,40,2023/11/15,15:30~17:10
3,3111,40,2023/11/22,15:30~17:10
3,3111,40,2023/11/29,15:30~17:10
3,3111,40,2023/12/6,15:30~17:10
3,3111,40,2023/12/13,15:30~17:10
3,3111,40,2023/12/20,15:30~17:10
3,3111,40,2024/1/10,15:30~17:10
3,3220,40,2023/10/11,15:30~17:10
3,3220,40,2023/10/18,15:30~17:10
3,3220,40,2023/10/25,15:30~17:10
3,3220,40,2023/11/8,15:30~17:10
3,3220,40,2023/11/15,15:30~17:10
3,3220,40,2023/11/22,15:30~17:10
3,3220,40,2023/11/29,15:30~17:10
3,3220,40,2023/12/6,15:30~17:10
3,3220,40,2023/12/13,15:30~17:10
3,3220,40,2023/12/20,15:30~17:10
3,3220,40,2024/1/10,15:30~17:10
8,8203,40,2023/10/11,15:30~17:10
8,8203,40,2023/10/18,15:30~17:10
8,8203,40,2023/10/25,15:30~17:10
8,8203,40,2023/11/8,15:30~17:10
8,8203,40,2023/11/15,15:30~17:10
8,8203,40,2023/11/22,15:30~17:10
8,8203,40,2023/11/29,15:30~17:10
8,8203,40,2023/12/6,15:30~17:10
8,8203,40,2023/12/13,15:30~17:10
8,8203,40,2023/12/20,15:30~17:10
8,8203,40,2024/1/10,15:30~17:10
3,3250,40,2023/10/11,15:30~17:10
3,3250,40,2023/10/18,15:30~17:10
3,3250,40,2023/10/25,15:30~17:10
3,3250,40,2023/11/8,15:30~17:10
3,3250,40,2023/11/15,15:30~17:10
3,3250,40,2023/11/22,15:30~17:10
3,3250,40,2023/11/29,15:30~17:10
3,3250,40,2023/12/6,15:30~17:10
3,3250,40,2023/12/13,15:30~17:10
3,3250,40,2023/12/20,15:30~17:10
3,3250,40,2024/1/10,15:30~17:10
10,207,40,2023/10/12,17:20~19:00
10,207,40,2023/10/19,17:20~19:00
10,207,40,2023/10/26,17:20~19:00
10,207,40,2023/11/2,17:20~19:00
10,207,40,2023/11/9,17:20~19:00
10,207,40,2023/11/16,17:20~19:00
10,207,40,2023/11/23,17:20~19:00
10,207,40,2023/11/30,17:20~19:00
10,207,40,2023/12/7,17:20~19:00
10,207,40,2023/12/14,17:20~19:00
10,207,40,2023/12/21,17:20~19:00
10,207,40,2024/1/11,17:20~19:00
10,207,40,2024/1/18,17:20~19:00
3,3220,40,2023/10/12,17:20~19:00
3,3220,40,2023/10/19,17:20~19:00
3,3220,40,2023/10/26,17:20~19:00
3,3220,40,2023/11/2,17:20~19:00
3,3220,40,2023/11/9,17:20~19:00
3,3220,40,2023/11/16,17:20~19:00
3,3220,40,2023/11/23,17:20~19:00
3,3220,40,2023/11/30,17:20~19:00
3,3220,40,2023/12/7,17:20~19:00
3,3220,40,2023/12/14,17:20~19:00
3,3220,40,2023/12/21,17:20~19:00
3,3220,40,2024/1/11,17:20~19:00
3,3220,40,2024/1/18,17:20~19:00
6,6104,40,2023/10/12,17:20~19:00
6,6104,40,2023/10/19,17:20~19:00
6,6104,40,2023/10/26,17:20~19:00
6,6104,40,2023/11/2,17:20~19:00
6,6104,40,2023/11/9,17:20~19:00
6,6104,40,2023/11/16,17:20~19:00
6,6104,40,2023/11/23,17:20~19:00
6,6104,40,2023/11/30,17:20~19:00
6,6104,40,2023/12/7,17:20~19:00
6,6104,40,2023/12/14,17:20~19:00
6,6104,40,2023/12/21,17:20~19:00
6,6104,40,2024/1/11,17:20~19:00
6,6104,40,2024/1/18,17:20~19:00
3,3350,40,2023/10/12,17:20~19:00
3,3350,40,2023/10/19,17:20~19:00
3,3350,40,2023/10/26,17:20~19:00
3,3350,40,2023/11/2,17:20~19:00
3,3350,40,2023/11/9,17:20~19:00
3,3350,40,2023/11/16,17:20~19:00
3,3350,40,2023/11/23,17:20~19:00
3,3350,40,2023/11/30,17:20~19:00
3,3350,40,2023/12/7,17:20~19:00
3,3350,40,2023/12/14,17:20~19:00
3,3350,40,2023/12/21,17:20~19:00
3,3350,40,2024/1/11,17:20~19:00
3,3350,40,2024/1/18,17:20~19:00
3,3220,40,2023/10/20,09:20~11:00
3,3220,40,2023/10/27,09:20~11:00
3,3220,40,2023/11/3,09:20~11:00
3,3220,40,2023/11/10,09:20~11:00
3,3220,40,2023/11/17,09:20~11:00
3,3220,40,2023/11/24,09:20~11:00
3,3220,40,2023/12/1,09:20~11:00
3,3220,40,2023/12/8,09:20~11:00
3,3220,40,2023/12/15,09:20~11:00
3,3220,40,2023/12/22,09:20~11:00
3,3220,40,2023/12/29,09:20~11:00
3,3220,40,2024/1/5,09:20~11:00
3,3220,40,2024/1/12,09:20~11:00
3,3220,40,2024/1/19,09:20~11:00
3,3340,40,2023/10/20,09:20~11:00
3,3340,40,2023/10/27,09:20~11:00
3,3340,40,2023/11/3,09:20~11:00
3,3340,40,2023/11/10,09:20~11:00
3,3340,40,2023/11/17,09:20~11:00
3,3340,40,2023/11/24,09:20~11:00
3,3340,40,2023/12/1,09:20~11:00
3,3340,40,2023/12/8,09:20~11:00
3,3340,40,2023/12/15,09:20~11:00
3,3340,40,2023/12/22,09:20~11:00
3,3340,40,2023/12/29,09:20~11:00
3,3340,40,2024/1/5,09:20~11:00
3,3340,40,2024/1/12,09:20~11:00
3,3340,40,2024/1/19,09:20~11:00
6,6104,40,2023/10/20,09:20~11:00
6,6104,40,2023/10/27,09:20~11:00
6,6104,40,2023/11/3,09:20~11:00
6,6104,40,2023/11/10,09:20~11:00
6,6104,40,2023/11/17,09:20~11:00
6,6104,40,2023/11/24,09:20~11:00
6,6104,40,2023/12/1,09:20~11:00
6,6104,40,2023/12/8,09:20~11:00
6,6104,40,2023/12/15,09:20~11:00
6,6104,40,2023/12/22,09:20~11:00
6,6104,40,2023/12/29,09:20~11:00
6,6104,40,2024/1/5,09:20~11:00
6,6104,40,2024/1/12,09:20~11:00
6,6104,40,2024/1/19,09:20~11:00
3,3140,40,2023/10/20,09:20~11:00
3,3140,40,2023/10/27,09:20~11:00
3,3140,40,2023/11/3,09:20~11:00
3,3140,40,2023/11/10,09:20~11:00
3,3140,40,2023/11/17,09:20~11:00
3,3140,40,2023/11/24,09:20~11:00
3,3140,40,2023/12/1,09:20~11:00
3,3140,40,2023/12/8,09:20~11:00
3,3140,40,2023/12/15,09:20~11:00
3,3140,40,2023/12/22,09:20~11:00
3,3140,40,2023/12/29,09:20~11:00
3,3140,40,2024/1/5,09:20~11:00
3,3140,40,2024/1/12,09:20~11:00
3,3140,40,2024/1/19,09:20~11:00
3,3130,40,2023/10/20,09:20~11:00
3,3130,40,2023/10/27,09:20~11:00
3,3130,40,2023/11/3,09:20~11:00
3,3130,40,2023/11/10,09:20~11:00
3,3130,40,2023/11/17,09:20~11:00
3,3130,40,2023/11/24,09:20~11:00
3,3130,40,2023/12/1,09:20~11:00
3,3130,40,2023/12/8,09:20~11:00
3,3130,40,2023/12/15,09:20~11:00
3,3130,40,2023/12/22,09:20~11:00
3,3130,40,2023/12/29,09:20~11:00
3,3130,40,2024/1/5,09:20~11:00
3,3130,40,2024/1/12,09:20~11:00
3,3130,40,2024/1/19,09:20~11:00
6,6101,40,2023/10/20,09:20~11:00
6,6101,40,2023/10/27,09:20~11:00
6,6101,40,2023/11/3,09:20~11:00
6,6101,40,2023/11/10,09:20~11:00
6,6101,40,2023/11/17,09:20~11:00
6,6101,40,2023/11/24,09:20~11:00
6,6101,40,2023/12/1,09:20~11:00
6,6101,40,2023/12/8,09:20~11:00
6,6101,40,2023/12/15,09:20~11:00
6,6101,40,2023/12/22,09:20~11:00
6,6101,40,2023/12/29,09:20~11:00
6,6101,40,2024/1/5,09:20~11:00
6,6101,40,2024/1/12,09:20~11:00
6,6101,40,2024/1/19,09:20~11:00
3,3140,40,2023/10/20,11:10~12:50
3,3140,40,2023/10/27,11:10~12:50
3,3140,40,2023/11/3,11:10~12:50
3,3140,40,2023/11/10,11:10~12:50
3,3140,40,2023/11/17,11:10~12:50
3,3140,40,2023/11/24,11:10~12:50
3,3140,40,2023/12/1,11:10~12:50
3,3140,40,2023/12/8,11:10~12:50
3,3140,40,2023/12/15,11:10~12:50
3,3140,40,2023/12/22,11:10~12:50
3,3140,40,2023/12/29,11:10~12:50
3,3140,40,2024/1/5,11:10~12:50
3,3140,40,2024/1/12,11:10~12:50
3,3140,40,2024/1/19,11:10~12:50
3,3320,40,2023/10/20,11:10~12:50
3,3320,40,2023/10/27,11:10~12:50
3,3320,40,2023/11/3,11:10~12:50
3,3320,40,2023/11/10,11:10~12:50
3,3320,40,2023/11/17,11:10~12:50
3,3320,40,2023/11/24,11:10~12:50
3,3320,40,2023/12/1,11:10~12:50
3,3320,40,2023/12/8,11:10~12:50
3,3320,40,2023/12/15,11:10~12:50
3,3320,40,2023/12/22,11:10~12:50
3,3320,40,2023/12/29,11:10~12:50
3,3320,40,2024/1/5,11:10~12:50
3,3320,40,2024/1/12,11:10~12:50
3,3320,40,2024/1/19,11:10~12:50
6,6101,40,2023/10/20,11:10~12:50
6,6101,40,2023/10/27,11:10~12:50
6,6101,40,2023/11/3,11:10~12:50
6,6101,40,2023/11/10,11:10~12:50
6,6101,40,2023/11/17,11:10~12:50
6,6101,40,2023/11/24,11:10~12:50
6,6101,40,2023/12/1,11:10~12:50
6,6101,40,2023/12/8,11:10~12:50
6,6101,40,2023/12/15,11:10~12:50
6,6101,40,2023/12/22,11:10~12:50
6,6101,40,2023/12/29,11:10~12:50
6,6101,40,2024/1/5,11:10~12:50
6,6101,40,2024/1/12,11:10~12:50
6,6101,40,2024/1/19,11:10~12:50
8,8101,40,2023/10/20,13:40~15:20
8,8101,40,2023/10/27,13:40~15:20
8,8101,40,2023/11/3,13:40~15:20
8,8101,40,2023/11/10,13:40~15:20
8,8101,40,2023/11/17,13:40~15:20
8,8101,40,2023/11/24,13:40~15:20
8,8101,40,2023/12/1,13:40~15:20
8,8101,40,2023/12/8,13:40~15:20
8,8101,40,2023/12/15,13:40~15:20
8,8101,40,2023/12/22,13:40~15:20
8,8101,40,2023/12/29,13:40~15:20
8,8101,40,2024/1/5,13:40~15:20
8,8101,40,2024/1/12,13:40~15:20
8,8101,40,2024/1/19,13:40~15:20
10,207,40,2023/10/20,13:40~15:20
10,207,40,2023/10/27,13:40~15:20
10,207,40,2023/11/3,13:40~15:20
10,207,40,2023/11/10,13:40~15:20
10,207,40,2023/11/17,13:40~15:20
10,207,40,2023/11/24,13:40~15:20
10,207,40,2023/12/1,13:40~15:20
10,207,40,2023/12/8,13:40~15:20
10,207,40,2023/12/15,13:40~15:20
10,207,40,2023/12/22,13:40~15:20
10,207,40,2023/12/29,13:40~15:20
10,207,40,2024/1/5,13:40~15:20
10,207,40,2024/1/12,13:40~15:20
10,207,40,2024/1/19,13:40~15:20
12,227,40,2023/10/20,13:40~15:20
12,227,40,2023/10/27,13:40~15:20
12,227,40,2023/11/3,13:40~15:20
12,227,40,2023/11/10,13:40~15:20
12,227,40,2023/11/17,13:40~15:20
12,227,40,2023/11/24,13:40~15:20
12,227,40,2023/12/1,13:40~15:20
12,227,40,2023/12/8,13:40~15:20
12,227,40,2023/12/15,13:40~15:20
12,227,40,2023/12/22,13:40~15:20
12,227,40,2023/12/29,13:40~15:20
12,227,40,2024/1/5,13:40~15:20
12,227,40,2024/1/12,13:40~15:20
12,227,40,2024/1/19,13:40~15:20
10,209,40,2023/10/20,13:40~15:20
10,209,40,2023/10/27,13:40~15:20
10,209,40,2023/11/3,13:40~15:20
10,209,40,2023/11/10,13:40~15:20
10,209,40,2023/11/17,13:40~15:20
10,209,40,2023/11/24,13:40~15:20
10,209,40,2023/12/1,13:40~15:20
10,209,40,2023/12/8,13:40~15:20
10,209,40,2023/12/15,13:40~15:20
10,209,40,2023/12/22,13:40~15:20
10,209,40,2023/12/29,13:40~15:20
10,209,40,2024/1/5,13:40~15:20
10,209,40,2024/1/12,13:40~15:20
10,209,40,2024/1/19,13:40~15:20
3,3111,40,2023/10/20,13:40~15:20
3,3111,40,2023/10/27,13:40~15:20
3,3111,40,2023/11/3,13:40~15:20
3,3111,40,2023/11/10,13:40~15:20
3,3111,40,2023/11/17,13:40~15:20
3,3111,40,2023/11/24,13:40~15:20
3,3111,40,2023/12/1,13:40~15:20
3,3111,40,2023/12/8,13:40~15:20
3,3111,40,2023/12/15,13:40~15:20
3,3111,40,2023/12/22,13:40~15:20
3,3111,40,2023/12/29,13:40~15:20
3,3111,40,2024/1/5,13:40~15:20
3,3111,40,2024/1/12,13:40~15:20
3,3111,40,2024/1/19,13:40~15:20
10,213,40,2023/10/20,13:40~15:20
10,213,40,2023/10/27,13:40~15:20
10,213,40,2023/11/3,13:40~15:20
10,213,40,2023/11/10,13:40~15:20
10,213,40,2023/11/17,13:40~15:20
10,213,40,2023/11/24,13:40~15:20
10,213,40,2023/12/1,13:40~15:20
10,213,40,2023/12/8,13:40~15:20
10,213,40,2023/12/15,13:40~15:20
10,213,40,2023/12/22,13:40~15:20
10,213,40,2023/12/29,13:40~15:20
10,213,40,2024/1/5,13:40~15:20
10,213,40,2024/1/12,13:40~15:20
10,213,40,2024/1/19,13:40~15:20
10,210,40,2023/10/20,13:40~15:20
10,210,40,2023/10/27,13:40~15:20
10,210,40,2023/11/3,13:40~15:20
10,210,40,2023/11/10,13:40~15:20
10,210,40,2023/11/17,13:40~15:20
10,210,40,2023/11/24,13:40~15:20
10,210,40,2023/12/1,13:40~15:20
10,210,40,2023/12/8,13:40~15:20
10,210,40,2023/12/15,13:40~15:20
10,210,40,2023/12/22,13:40~15:20
10,210,40,2023/12/29,13:40~15:20
10,210,40,2024/1/5,13:40~15:20
10,210,40,2024/1/12,13:40~15:20
10,210,40,2024/1/19,13:40~15:20
10,208,40,2023/10/20,13:40~15:20
10,208,40,2023/10/27,13:40~15:20
10,208,40,2023/11/3,13:40~15:20
10,208,40,2023/11/10,13:40~15:20
10,208,40,2023/11/17,13:40~15:20
10,208,40,2023/11/24,13:40~15:20
10,208,40,2023/12/1,13:40~15:20
10,208,40,2023/12/8,13:40~15:20
10,208,40,2023/12/15,13:40~15:20
10,208,40,2023/12/22,13:40~15:20
10,208,40,2023/12/29,13:40~15:20
10,208,40,2024/1/5,13:40~15:20
10,208,40,2024/1/12,13:40~15:20
10,208,40,2024/1/19,13:40~15:20
10,212,40,2023/10/20,13:40~15:20
10,212,40,2023/10/27,13:40~15:20
10,212,40,2023/11/3,13:40~15:20
10,212,40,2023/11/10,13:40~15:20
10,212,40,2023/11/17,13:40~15:20
10,212,40,2023/11/24,13:40~15:20
10,212,40,2023/12/1,13:40~15:20
10,212,40,2023/12/8,13:40~15:20
10,212,40,2023/12/15,13:40~15:20
10,212,40,2023/12/22,13:40~15:20
10,212,40,2023/12/29,13:40~15:20
10,212,40,2024/1/5,13:40~15:20
10,212,40,2024/1/12,13:40~15:20
10,212,40,2024/1/19,13:40~15:20
3,3320,40,2023/10/20,13:40~15:20
3,3320,40,2023/10/27,13:40~15:20
3,3320,40,2023/11/3,13:40~15:20
3,3320,40,2023/11/10,13:40~15:20
3,3320,40,2023/11/17,13:40~15:20
3,3320,40,2023/11/24,13:40~15:20
3,3320,40,2023/12/1,13:40~15:20
3,3320,40,2023/12/8,13:40~15:20
3,3320,40,2023/12/15,13:40~15:20
3,3320,40,2023/12/22,13:40~15:20
3,3320,40,2023/12/29,13:40~15:20
3,3320,40,2024/1/5,13:40~15:20
3,3320,40,2024/1/12,13:40~15:20
3,3320,40,2024/1/19,13:40~15:20
3,3350,40,2023/10/20,13:40~15:20
3,3350,40,2023/10/27,13:40~15:20
3,3350,40,2023/11/3,13:40~15:20
3,3350,40,2023/11/10,13:40~15:20
3,3350,40,2023/11/17,13:40~15:20
3,3350,40,2023/11/24,13:40~15:20
3,3350,40,2023/12/1,13:40~15:20
3,3350,40,2023/12/8,13:40~15:20
3,3350,40,2023/12/15,13:40~15:20
3,3350,40,2023/12/22,13:40~15:20
3,3350,40,2023/12/29,13:40~15:20
3,3350,40,2024/1/5,13:40~15:20
3,3350,40,2024/1/12,13:40~15:20
3,3350,40,2024/1/19,13:40~15:20
3,3140,40,2023/10/20,13:40~15:20
3,3140,40,2023/10/27,13:40~15:20
3,3140,40,2023/11/3,13:40~15:20
3,3140,40,2023/11/10,13:40~15:20
3,3140,40,2023/11/17,13:40~15:20
3,3140,40,2023/11/24,13:40~15:20
3,3140,40,2023/12/1,13:40~15:20
3,3140,40,2023/12/8,13:40~15:20
3,3140,40,2023/12/15,13:40~15:20
3,3140,40,2023/12/22,13:40~15:20
3,3140,40,2023/12/29,13:40~15:20
3,3140,40,2024/1/5,13:40~15:20
3,3140,40,2024/1/12,13:40~15:20
3,3140,40,2024/1/19,13:40~15:20
10,117,40,2023/10/20,13:40~15:20
10,117,40,2023/10/27,13:40~15:20
10,117,40,2023/11/3,13:40~15:20
10,117,40,2023/11/10,13:40~15:20
10,117,40,2023/11/17,13:40~15:20
10,117,40,2023/11/24,13:40~15:20
10,117,40,2023/12/1,13:40~15:20
10,117,40,2023/12/8,13:40~15:20
10,117,40,2023/12/15,13:40~15:20
10,117,40,2023/12/22,13:40~15:20
10,117,40,2023/12/29,13:40~15:20
10,117,40,2024/1/5,13:40~15:20
10,117,40,2024/1/12,13:40~15:20
10,117,40,2024/1/19,13:40~15:20
6,6104,40,2023/10/20,13:40~15:20
6,6104,40,2023/10/27,13:40~15:20
6,6104,40,2023/11/3,13:40~15:20
6,6104,40,2023/11/10,13:40~15:20
6,6104,40,2023/11/17,13:40~15:20
6,6104,40,2023/11/24,13:40~15:20
6,6104,40,2023/12/1,13:40~15:20
6,6104,40,2023/12/8,13:40~15:20
6,6104,40,2023/12/15,13:40~15:20
6,6104,40,2023/12/22,13:40~15:20
6,6104,40,2023/12/29,13:40~15:20
6,6104,40,2024/1/5,13:40~15:20
6,6104,40,2024/1/12,13:40~15:20
6,6104,40,2024/1/19,13:40~15:20
8,8101,40,2023/10/20,15:30~17:10
8,8101,40,2023/10/27,15:30~17:10
8,8101,40,2023/11/3,15:30~17:10
8,8101,40,2023/11/10,15:30~17:10
8,8101,40,2023/11/17,15:30~17:10
8,8101,40,2023/11/24,15:30~17:10
8,8101,40,2023/12/1,15:30~17:10
8,8101,40,2023/12/8,15:30~17:10
8,8101,40,2023/12/15,15:30~17:10
8,8101,40,2023/12/22,15:30~17:10
8,8101,40,2023/12/29,15:30~17:10
8,8101,40,2024/1/5,15:30~17:10
8,8101,40,2024/1/12,15:30~17:10
8,8101,40,2024/1/19,15:30~17:10
12,227,40,2023/10/20,15:30~17:10
12,227,40,2023/10/27,15:30~17:10
12,227,40,2023/11/3,15:30~17:10
12,227,40,2023/11/10,15:30~17:10
12,227,40,2023/11/17,15:30~17:10
12,227,40,2023/11/24,15:30~17:10
12,227,40,2023/12/1,15:30~17:10
12,227,40,2023/12/8,15:30~17:10
12,227,40,2023/12/15,15:30~17:10
12,227,40,2023/12/22,15:30~17:10
12,227,40,2023/12/29,15:30~17:10
12,227,40,2024/1/5,15:30~17:10
12,227,40,2024/1/12,15:30~17:10
12,227,40,2024/1/19,15:30~17:10
10,209,40,2023/10/20,15:30~17:10
10,209,40,2023/10/27,15:30~17:10
10,209,40,2023/11/3,15:30~17:10
10,209,40,2023/11/10,15:30~17:10
10,209,40,2023/11/17,15:30~17:10
10,209,40,2023/11/24,15:30~17:10
10,209,40,2023/12/1,15:30~17:10
10,209,40,2023/12/8,15:30~17:10
10,209,40,2023/12/15,15:30~17:10
10,209,40,2023/12/22,15:30~17:10
10,209,40,2023/12/29,15:30~17:10
10,209,40,2024/1/5,15:30~17:10
10,209,40,2024/1/12,15:30~17:10
10,209,40,2024/1/19,15:30~17:10
10,210,40,2023/10/20,15:30~17:10
10,210,40,2023/10/27,15:30~17:10
10,210,40,2023/11/3,15:30~17:10
10,210,40,2023/11/10,15:30~17:10
10,210,40,2023/11/17,15:30~17:10
10,210,40,2023/11/24,15:30~17:10
10,210,40,2023/12/1,15:30~17:10
10,210,40,2023/12/8,15:30~17:10
10,210,40,2023/12/15,15:30~17:10
10,210,40,2023/12/22,15:30~17:10
10,210,40,2023/12/29,15:30~17:10
10,210,40,2024/1/5,15:30~17:10
10,210,40,2024/1/12,15:30~17:10
10,210,40,2024/1/19,15:30~17:10
2,2320,40,2023/10/20,15:30~17:10
2,2320,40,2023/10/27,15:30~17:10
2,2320,40,2023/11/3,15:30~17:10
2,2320,40,2023/11/10,15:30~17:10
2,2320,40,2023/11/17,15:30~17:10
2,2320,40,2023/11/24,15:30~17:10
2,2320,40,2023/12/1,15:30~17:10
2,2320,40,2023/12/8,15:30~17:10
2,2320,40,2023/12/15,15:30~17:10
2,2320,40,2023/12/22,15:30~17:10
2,2320,40,2023/12/29,15:30~17:10
2,2320,40,2024/1/5,15:30~17:10
2,2320,40,2024/1/12,15:30~17:10
2,2320,40,2024/1/19,15:30~17:10
3,3150,40,2023/10/20,17:20~19:00
3,3150,40,2023/10/27,17:20~19:00
3,3150,40,2023/11/3,17:20~19:00
3,3150,40,2023/11/10,17:20~19:00
3,3150,40,2023/11/17,17:20~19:00
3,3150,40,2023/11/24,17:20~19:00
3,3150,40,2023/12/1,17:20~19:00
3,3150,40,2023/12/8,17:20~19:00
3,3150,40,2023/12/15,17:20~19:00
3,3150,40,2023/12/22,17:20~19:00
3,3150,40,2023/12/29,17:20~19:00
3,3150,40,2024/1/5,17:20~19:00
3,3150,40,2024/1/12,17:20~19:00
3,3150,40,2024/1/19,17:20~19:00
